date,material_code,material,marketing_l0,marketing_l1,marketing_l2,marketing_l3,marketing_l4,soldto_code,soldto_customer,shipto_code,ship_to_customer,Plant,Sales Organization,Payment terms,Incoterms,Customer Cluster,volume,nasp,pp,margin,
01.2023,241990,"DESMODUR T 80            0250,00 KG B13",70,A70,531,075,A902,7272916,Tayfull Industrial Co.Ltd,7272916,Tayfull Industrial Co.Ltd,ERP3,ER20,0,0,TPC-TW,"10,000 ",0 ,2.16 ,0,
01.2023,241990,"DESMODUR T 80            0250,00 KG B13",70,A70,531,098,A034,1193521,Len Wa Enterprise Corp.,3504465,TONG HSING INTEGRATED AND,ERP3,ER20,0,0,TPC-TW,"20,000 ",0 ,2.19 ,0,
01.2023,242016,"DESMODUR T 80            0000,00 KG T01",70,A70,521,046,A949,1480229,NAN YA PLASTICS CORPORATION,5131452,NAN YA PLASTICS CORPORATION,ERPA,ER20,0,0,TPC-TW,"10,980 ",0 ,2.02 ,0,
01.2023,242016,"DESMODUR T 80            0000,00 KG T01",70,A70,531,075,A902,300799,TONG FONG TRADING CO LTD,5132319,"HSING FONG INDUSTRY CO., LTD.",ERPA,ER20,0,0,TPC-TW,"18,480 ",0 ,2.02 ,0,
01.2023,242016,"DESMODUR T 80            0000,00 KG T01",70,A70,531,075,A902,3630979,JIANN FONG POLYURETHANE,3920489,JIANN FONG POLYURETHANE,ERPA,ER20,0,0,TPC-TW,"18,460 ",0 ,2.02 ,0,
01.2023,242016,"DESMODUR T 80            0000,00 KG T01",70,A70,531,075,A902,5131282,CHEN CHI HSIANG INDUSTRY,5131282,CHEN CHI HSIANG INDUSTRY,ERPA,ER20,0,0,TPC-TW,"36,950 ",0 ,2.09 ,0,
01.2023,242016,"DESMODUR T 80            0000,00 KG T01",70,A70,531,075,A902,5131282,CHEN CHI HSIANG INDUSTRY,11294560,CHEN CHI HSIANG INDUSTRY,ERPA,ER20,0,0,TPC-TW,"18,470 ",0 ,2.15 ,0,
02.2023,241990,"DESMODUR T 80            0250,00 KG B13",70,A70,531,075,A901,670014,Inoac Corporation,11253021,"SEDA Chemical Products CO., Ltd.",ERP3,ER20,0,0,TPC-TW,"6,250 ",0 ,2.24 ,0,
02.2023,241990,"DESMODUR T 80            0250,00 KG B13",70,A70,531,075,A902,84255,"HOLY FOAM ENTERPRISES CO., LTD.",5131061,HOLYFOAM - TAOYUAN PLANT,ERP3,ER20,0,0,TPC-TW,"5,000 ",0 ,2.25 ,0,
02.2023,241990,"DESMODUR T 80            0250,00 KG B13",70,A70,531,075,A902,7272916,Tayfull Industrial Co.Ltd,7272916,Tayfull Industrial Co.Ltd,ERP3,ER20,0,0,TPC-TW,"10,000 ",0 ,2.30 ,0,
02.2023,241990,"DESMODUR T 80            0250,00 KG B13",70,A70,531,098,A034,300799,TONG FONG TRADING CO LTD,5131088,"TONG FONG TRADING CO., LTD.",ERP3,ER20,0,0,TPC-TW,"10,000 ",0 ,2.28 ,0,
02.2023,241990,"DESMODUR T 80            0250,00 KG B13",70,A70,531,098,A034,1193521,Len Wa Enterprise Corp.,3504465,TONG HSING INTEGRATED AND,ERP3,ER20,0,0,TPC-TW,"13,750 ",0 ,2.31 ,0,
02.2023,242016,"DESMODUR T 80            0000,00 KG T01",70,A70,521,046,A949,1480229,NAN YA PLASTICS CORPORATION,5131452,NAN YA PLASTICS CORPORATION,ERPA,ER20,0,0,TPC-TW,"10,980 ",0 ,2.34 ,0,
02.2023,242016,"DESMODUR T 80            0000,00 KG T01",70,A70,531,075,A902,3587988,"Chiao Fu Enterprises Co., Ltd",303259,Chiao Fu Enterprise Co.Ltd,ERPA,ER20,0,0,TPC-TW,"18,480 ",0 ,2.28 ,0,
02.2023,242016,"DESMODUR T 80            0000,00 KG T01",70,A70,531,075,A902,3630979,JIANN FONG POLYURETHANE,3630979,JIANN FONG POLYURETHANE,ERPA,ER20,0,0,TPC-TW,"18,480 ",0 ,2.27 ,0,
02.2023,242016,"DESMODUR T 80            0000,00 KG T01",70,A70,531,075,A902,5131282,CHEN CHI HSIANG INDUSTRY,5131282,CHEN CHI HSIANG INDUSTRY,ERPA,ER20,0,0,TPC-TW,"55,430 ",0 ,2.24 ,0,
02.2023,242016,"DESMODUR T 80            0000,00 KG T01",70,A70,531,075,A902,5131282,CHEN CHI HSIANG INDUSTRY,11294560,CHEN CHI HSIANG INDUSTRY,ERPA,ER20,0,0,TPC-TW,"18,460 ",0 ,2.25 ,0,
03.2023,241990,"DESMODUR T 80            0250,00 KG B13",70,A70,531,075,A901,670014,Inoac Corporation,11253021,"SEDA Chemical Products CO., Ltd.",ERP3,ER20,0,0,TPC-TW,"20,000 ",0 ,2.17 ,0,
03.2023,241990,"DESMODUR T 80            0250,00 KG B13",70,A70,531,075,A902,84255,"HOLY FOAM ENTERPRISES CO., LTD.",5131061,HOLYFOAM - TAOYUAN PLANT,ERP3,ER20,0,0,TPC-TW,"6,250 ",0 ,2.26 ,0,
03.2023,241990,"DESMODUR T 80            0250,00 KG B13",70,A70,531,075,A902,3133237,EVERSWIFTNESS CHEMICAL CORP.,3539322,HAMPTON ENTERPRISE CO LTD,ERP3,ER20,0,0,TPC-TW,"7,500 ",0 ,2.22 ,0,
03.2023,241990,"DESMODUR T 80            0250,00 KG B13",70,A70,531,075,A902,7272916,Tayfull Industrial Co.Ltd,7272916,Tayfull Industrial Co.Ltd,ERP3,ER20,0,0,TPC-TW,"20,000 ",0 ,2.29 ,0,
03.2023,241990,"DESMODUR T 80            0250,00 KG B13",70,A70,531,098,A034,300799,TONG FONG TRADING CO LTD,5131088,"TONG FONG TRADING CO., LTD.",ERP3,ER20,0,0,TPC-TW,"20,000 ",0 ,2.22 ,0,
03.2023,241990,"DESMODUR T 80            0250,00 KG B13",70,A70,531,098,A034,1193521,Len Wa Enterprise Corp.,3504465,TONG HSING INTEGRATED AND,ERP3,ER20,0,0,TPC-TW,"20,000 ",0 ,2.25 ,0,
03.2023,242016,"DESMODUR T 80            0000,00 KG T01",70,A70,521,046,A949,1480229,NAN YA PLASTICS CORPORATION,5131452,NAN YA PLASTICS CORPORATION,ERPA,ER20,0,0,TPC-TW,"10,980 ",0 ,2.31 ,0,
03.2023,242016,"DESMODUR T 80            0000,00 KG T01",70,A70,531,075,A902,3587988,"Chiao Fu Enterprises Co., Ltd",303259,Chiao Fu Enterprise Co.Ltd,ERPA,ER20,0,0,TPC-TW,"18,480 ",0 ,2.21 ,0,
03.2023,242016,"DESMODUR T 80            0000,00 KG T01",70,A70,531,075,A902,3630979,JIANN FONG POLYURETHANE,3920489,JIANN FONG POLYURETHANE,ERPA,ER20,0,0,TPC-TW,"18,470 ",0 ,2.26 ,0,
03.2023,242016,"DESMODUR T 80            0000,00 KG T01",70,A70,531,075,A902,5131282,CHEN CHI HSIANG INDUSTRY,5131282,CHEN CHI HSIANG INDUSTRY,ERPA,ER20,0,0,TPC-TW,"36,950 ",0 ,2.17 ,0,
03.2023,242016,"DESMODUR T 80            0000,00 KG T01",70,A70,531,075,A902,5131282,CHEN CHI HSIANG INDUSTRY,11294560,CHEN CHI HSIANG INDUSTRY,ERPA,ER20,0,0,TPC-TW,"18,490 ",0 ,2.17 ,0,
03.2023,242016,"DESMODUR T 80            0000,00 KG T01",70,A70,531,075,A902,7377033,KUN CHING KEY-INDUSTRY CO LTD,5131045,"KUN CHING INDUSTRIAL CO., LTD.",ERPA,ER20,0,0,TPC-TW,"36,970 ",0 ,2.15 ,0,
04.2023,241990,"DESMODUR T 80            0250,00 KG B13",70,A70,521,033,A933,300799,TONG FONG TRADING CO LTD,3504473,"F-TAI INDUSTRIAL CO., LTD.",ERP3,ER20,0,0,TPC-TW,"7,500 ",0 ,2.03 ,0,
04.2023,241990,"DESMODUR T 80            0250,00 KG B13",70,A70,531,075,A901,625701,"Praise Victor Industrial Co.,Ltd.",625701,"Praise Victor Industrial Co.,Ltd.",ERP3,ER20,0,0,TPC-TW,"3,750 ",0 ,2.16 ,0,
04.2023,241990,"DESMODUR T 80            0250,00 KG B13",70,A70,531,075,A902,84255,"HOLY FOAM ENTERPRISES CO., LTD.",5131061,HOLYFOAM - TAOYUAN PLANT,ERP3,ER20,0,0,TPC-TW,"6,250 ",0 ,2.13 ,0,
04.2023,241990,"DESMODUR T 80            0250,00 KG B13",70,A70,531,075,A902,300799,TONG FONG TRADING CO LTD,5131339,"JOHNICE INDUSTRY CO., LTD",ERP3,ER20,0,0,TPC-TW,"10,000 ",0 ,2.04 ,0,
04.2023,241990,"DESMODUR T 80            0250,00 KG B13",70,A70,531,075,A902,7272916,Tayfull Industrial Co.Ltd,7272916,Tayfull Industrial Co.Ltd,ERP3,ER20,0,0,TPC-TW,"15,250 ",0 ,2.18 ,0,
04.2023,241990,"DESMODUR T 80            0250,00 KG B13",70,A70,531,098,A034,300799,TONG FONG TRADING CO LTD,5131088,"TONG FONG TRADING CO., LTD.",ERP3,ER20,0,0,TPC-TW,"22,500 ",0 ,2.04 ,0,
04.2023,242016,"DESMODUR T 80            0000,00 KG T01",70,A70,521,046,A949,1480229,NAN YA PLASTICS CORPORATION,5131452,NAN YA PLASTICS CORPORATION,ERPA,ER20,0,0,TPC-TW,"10,990 ",0 ,2.34 ,0,
04.2023,242016,"DESMODUR T 80            0000,00 KG T01",70,A70,531,075,A902,3587988,"Chiao Fu Enterprises Co., Ltd",303259,Chiao Fu Enterprise Co.Ltd,ERPA,ER20,0,0,TPC-TW,"36,930 ",0 ,2.08 ,0,
04.2023,242016,"DESMODUR T 80            0000,00 KG T01",70,A70,531,075,A902,3630979,JIANN FONG POLYURETHANE,3630979,JIANN FONG POLYURETHANE,ERPA,ER20,0,0,TPC-TW,"36,990 ",0 ,2.19 ,0,
04.2023,242016,"DESMODUR T 80            0000,00 KG T01",70,A70,531,075,A902,5131282,CHEN CHI HSIANG INDUSTRY,5131282,CHEN CHI HSIANG INDUSTRY,ERPA,ER20,0,0,TPC-TW,"18,480 ",0 ,2.12 ,0,
04.2023,242016,"DESMODUR T 80            0000,00 KG T01",70,A70,531,075,A902,5131282,CHEN CHI HSIANG INDUSTRY,11294560,CHEN CHI HSIANG INDUSTRY,ERPA,ER20,0,0,TPC-TW,"55,460 ",0 ,2.12 ,0,
05.2023,241990,"DESMODUR T 80            0250,00 KG B13",70,A70,531,075,A902,84255,"HOLY FOAM ENTERPRISES CO., LTD.",5131061,HOLYFOAM - TAOYUAN PLANT,ERP3,ER20,0,0,TPC-TW,"10,000 ",0 ,2.16 ,0,
05.2023,241990,"DESMODUR T 80            0250,00 KG B13",70,A70,531,075,A902,1193521,Len Wa Enterprise Corp.,4284129,SUNRISE SUCCEED CO.LTD.,ERP3,ER20,0,0,TPC-TW,"20,000 ",0 ,2.09 ,0,
05.2023,241990,"DESMODUR T 80            0250,00 KG B13",70,A70,531,075,A902,7272916,Tayfull Industrial Co.Ltd,7272916,Tayfull Industrial Co.Ltd,ERP3,ER20,0,0,TPC-TW,"16,250 ",0 ,2.19 ,0,
05.2023,241990,"DESMODUR T 80            0250,00 KG B13",70,A70,531,098,A034,300799,TONG FONG TRADING CO LTD,5131088,"TONG FONG TRADING CO., LTD.",ERP3,ER20,0,0,TPC-TW,"40,000 ",0 ,2.08 ,0,
05.2023,241990,"DESMODUR T 80            0250,00 KG B13",70,A70,531,098,A034,1193521,Len Wa Enterprise Corp.,3504465,TONG HSING INTEGRATED AND,ERP3,ER20,0,0,TPC-TW,"39,000 ",0 ,2.10 ,0,
05.2023,241990,"DESMODUR T 80            0250,00 KG B13",70,A70,531,098,A034,1193521,Len Wa Enterprise Corp.,5131592,"TARN CHIA INDUSTRIES CO., LTD.",ERP3,ER20,0,0,TPC-TW,"10,000 ",0 ,2.08 ,0,
05.2023,242016,"DESMODUR T 80            0000,00 KG T01",70,A70,531,075,A902,3587988,"Chiao Fu Enterprises Co., Ltd",303259,Chiao Fu Enterprise Co.Ltd,ERPA,ER20,0,0,TPC-TW,"36,950 ",0 ,2.08 ,0,
05.2023,242016,"DESMODUR T 80            0000,00 KG T01",70,A70,531,075,A902,3630979,JIANN FONG POLYURETHANE,3630979,JIANN FONG POLYURETHANE,ERPA,ER20,0,0,TPC-TW,"18,480 ",0 ,2.12 ,0,
05.2023,242016,"DESMODUR T 80            0000,00 KG T01",70,A70,531,075,A902,3630979,JIANN FONG POLYURETHANE,3920489,JIANN FONG POLYURETHANE,ERPA,ER20,0,0,TPC-TW,"18,480 ",0 ,2.11 ,0,
05.2023,242016,"DESMODUR T 80            0000,00 KG T01",70,A70,531,075,A902,5131282,CHEN CHI HSIANG INDUSTRY,5131282,CHEN CHI HSIANG INDUSTRY,ERPA,ER20,0,0,TPC-TW,"36,960 ",0 ,2.10 ,0,
05.2023,242016,"DESMODUR T 80            0000,00 KG T01",70,A70,531,075,A902,5131282,CHEN CHI HSIANG INDUSTRY,11294560,CHEN CHI HSIANG INDUSTRY,ERPA,ER20,0,0,TPC-TW,"36,960 ",0 ,2.12 ,0,
05.2023,242016,"DESMODUR T 80            0000,00 KG T01",70,A70,531,075,A902,7377033,KUN CHING KEY-INDUSTRY CO LTD,5131045,"KUN CHING INDUSTRIAL CO., LTD.",ERPA,ER20,0,0,TPC-TW,"18,480 ",0 ,2.05 ,0,
05.2023,2816885,"DESMODUR T 80            0250,00 KG DR17",70,A70,531,098,A034,1193521,Len Wa Enterprise Corp.,3504465,TONG HSING INTEGRATED AND,ERP3,ER20,0,0,TPC-TW,250 ,0 ,2.21 ,0,
06.2023,241990,"DESMODUR T 80            0250,00 KG B13",70,A70,521,088,A953,3611894,Jiuh Yi Chemical Industrial,3504392,"Jiuh Yi Chemical Industrial Co.,Ltd",ERP3,ER20,0,0,TPC-TW,"2,000 ",0 ,2.03 ,0,
06.2023,241990,"DESMODUR T 80            0250,00 KG B13",70,A70,531,075,A901,625701,"Praise Victor Industrial Co.,Ltd.",625701,"Praise Victor Industrial Co.,Ltd.",ERP3,ER20,0,0,TPC-TW,"2,500 ",0 ,1.98 ,0,
06.2023,241990,"DESMODUR T 80            0250,00 KG B13",70,A70,531,075,A902,84255,"HOLY FOAM ENTERPRISES CO., LTD.",5131061,HOLYFOAM - TAOYUAN PLANT,ERP3,ER20,0,0,TPC-TW,"12,500 ",0 ,1.94 ,0,
06.2023,241990,"DESMODUR T 80            0250,00 KG B13",70,A70,531,075,A902,300799,TONG FONG TRADING CO LTD,5131339,"JOHNICE INDUSTRY CO., LTD",ERP3,ER20,0,0,TPC-TW,"10,000 ",0 ,1.95 ,0,
06.2023,241990,"DESMODUR T 80            0250,00 KG B13",70,A70,531,075,A902,7272916,Tayfull Industrial Co.Ltd,7272916,Tayfull Industrial Co.Ltd,ERP3,ER20,0,0,TPC-TW,"10,000 ",0 ,1.95 ,0,
06.2023,241990,"DESMODUR T 80            0250,00 KG B13",70,A70,531,098,A034,300799,TONG FONG TRADING CO LTD,5131088,"TONG FONG TRADING CO., LTD.",ERP3,ER20,0,0,TPC-TW,"10,000 ",0 ,1.92 ,0,
06.2023,241990,"DESMODUR T 80            0250,00 KG B13",70,A70,531,098,A034,1193521,Len Wa Enterprise Corp.,3504465,TONG HSING INTEGRATED AND,ERP3,ER20,0,0,TPC-TW,"20,000 ",0 ,1.94 ,0,
06.2023,242016,"DESMODUR T 80            0000,00 KG T01",70,A70,521,046,A949,1480229,NAN YA PLASTICS CORPORATION,5131452,NAN YA PLASTICS CORPORATION,ERPA,ER20,0,0,TPC-TW,"10,980 ",0 ,2.15 ,0,
06.2023,242016,"DESMODUR T 80            0000,00 KG T01",70,A70,531,075,A902,300799,TONG FONG TRADING CO LTD,5132319,"HSING FONG INDUSTRY CO., LTD.",ERPA,ER20,0,0,TPC-TW,"18,470 ",0 ,1.94 ,0,
06.2023,242016,"DESMODUR T 80            0000,00 KG T01",70,A70,531,075,A902,300799,TONG FONG TRADING CO LTD,5944718,DA FUNG FOAM CO LTD,ERPA,ER20,0,0,TPC-TW,"18,470 ",0 ,1.96 ,0,
06.2023,242016,"DESMODUR T 80            0000,00 KG T01",70,A70,531,075,A902,3587988,"Chiao Fu Enterprises Co., Ltd",303259,Chiao Fu Enterprise Co.Ltd,ERPA,ER20,0,0,TPC-TW,"18,460 ",0 ,1.85 ,0,
06.2023,242016,"DESMODUR T 80            0000,00 KG T01",70,A70,531,075,A902,3630979,JIANN FONG POLYURETHANE,3920489,JIANN FONG POLYURETHANE,ERPA,ER20,0,0,TPC-TW,"36,920 ",0 ,1.95 ,0,
06.2023,242016,"DESMODUR T 80            0000,00 KG T01",70,A70,531,075,A902,5131282,CHEN CHI HSIANG INDUSTRY,5131282,CHEN CHI HSIANG INDUSTRY,ERPA,ER20,0,0,TPC-TW,"36,940 ",0 ,1.92 ,0,
06.2023,242016,"DESMODUR T 80            0000,00 KG T01",70,A70,531,075,A902,5131282,CHEN CHI HSIANG INDUSTRY,11294560,CHEN CHI HSIANG INDUSTRY,ERPA,ER20,0,0,TPC-TW,"55,410 ",0 ,1.95 ,0,
07.2023,241990,"DESMODUR T 80            0250,00 KG B13",70,A70,531,075,A902,84255,"HOLY FOAM ENTERPRISES CO., LTD.",5131061,HOLYFOAM - TAOYUAN PLANT,ERP3,ER20,0,0,TPC-TW,"6,250 ",0 ,1.93 ,0,
07.2023,241990,"DESMODUR T 80            0250,00 KG B13",70,A70,531,075,A902,300799,TONG FONG TRADING CO LTD,5131363,"MENG SHENG PLASTIC CO., LTD.",ERP3,ER20,0,0,TPC-TW,"10,000 ",0 ,1.87 ,0,
07.2023,241990,"DESMODUR T 80            0250,00 KG B13",70,A70,531,075,A902,7272916,Tayfull Industrial Co.Ltd,7272916,Tayfull Industrial Co.Ltd,ERP3,ER20,0,0,TPC-TW,"10,000 ",0 ,1.89 ,0,
07.2023,242016,"DESMODUR T 80            0000,00 KG T01",70,A70,531,075,A902,3587988,"Chiao Fu Enterprises Co., Ltd",303259,Chiao Fu Enterprise Co.Ltd,ERPA,ER20,0,0,TPC-TW,"55,450 ",0 ,1.75 ,0,
07.2023,242016,"DESMODUR T 80            0000,00 KG T01",70,A70,531,075,A902,3630979,JIANN FONG POLYURETHANE,3630979,JIANN FONG POLYURETHANE,ERPA,ER20,0,0,TPC-TW,"18,490 ",0 ,1.79 ,0,
07.2023,242016,"DESMODUR T 80            0000,00 KG T01",70,A70,531,075,A902,3630979,JIANN FONG POLYURETHANE,3920489,JIANN FONG POLYURETHANE,ERPA,ER20,0,0,TPC-TW,"18,500 ",0 ,1.78 ,0,
07.2023,242016,"DESMODUR T 80            0000,00 KG T01",70,A70,531,075,A902,5131282,CHEN CHI HSIANG INDUSTRY,5131282,CHEN CHI HSIANG INDUSTRY,ERPA,ER20,0,0,TPC-TW,"18,480 ",0 ,1.86 ,0,
07.2023,242016,"DESMODUR T 80            0000,00 KG T01",70,A70,531,075,A902,5131282,CHEN CHI HSIANG INDUSTRY,11294560,CHEN CHI HSIANG INDUSTRY,ERPA,ER20,0,0,TPC-TW,"55,440 ",0 ,1.82 ,0,
08.2023,241990,"DESMODUR T 80            0250,00 KG B13",70,A70,521,033,A933,300799,TONG FONG TRADING CO LTD,3504473,"F-TAI INDUSTRIAL CO., LTD.",ERP3,ER20,0,0,TPC-TW,"6,250 ",0 ,1.77 ,0,
08.2023,241990,"DESMODUR T 80            0250,00 KG B13",70,A70,531,075,A902,84255,"HOLY FOAM ENTERPRISES CO., LTD.",5131061,HOLYFOAM - TAOYUAN PLANT,ERP3,ER20,0,0,TPC-TW,"12,500 ",0 ,1.88 ,0,
08.2023,241990,"DESMODUR T 80            0250,00 KG B13",70,A70,531,075,A902,5131282,CHEN CHI HSIANG INDUSTRY,5131282,CHEN CHI HSIANG INDUSTRY,ERP3,ER20,0,0,TPC-TW,"10,000 ",0 ,1.78 ,0,
08.2023,241990,"DESMODUR T 80            0250,00 KG B13",70,A70,531,075,A902,7272916,Tayfull Industrial Co.Ltd,7272916,Tayfull Industrial Co.Ltd,ERP3,ER20,0,0,TPC-TW,"10,000 ",0 ,1.81 ,0,
08.2023,241990,"DESMODUR T 80            0250,00 KG B13",70,A70,531,098,A034,300799,TONG FONG TRADING CO LTD,5131592,"TARN CHIA INDUSTRIES CO., LTD.",ERP3,ER20,0,0,TPC-TW,"15,000 ",0 ,1.78 ,0,
08.2023,241990,"DESMODUR T 80            0250,00 KG B13",70,A70,531,098,A034,300799,TONG FONG TRADING CO LTD,5131789,"KOHO MATERIAL CO., LTD.",ERP3,ER20,0,0,TPC-TW,"6,250 ",0 ,1.79 ,0,
08.2023,241990,"DESMODUR T 80            0250,00 KG B13",70,A70,531,098,A034,1193521,Len Wa Enterprise Corp.,3504465,TONG HSING INTEGRATED AND,ERP3,ER20,0,0,TPC-TW,"20,000 ",0 ,1.80 ,0,
08.2023,242016,"DESMODUR T 80            0000,00 KG T01",70,A70,521,046,A949,1480229,NAN YA PLASTICS CORPORATION,5131452,NAN YA PLASTICS CORPORATION,ERPA,ER20,0,0,TPC-TW,"11,010 ",0 ,1.87 ,0,
08.2023,242016,"DESMODUR T 80            0000,00 KG T01",70,A70,531,075,A902,300799,TONG FONG TRADING CO LTD,5132319,"HSING FONG INDUSTRY CO., LTD.",ERPA,ER20,0,0,TPC-TW,"18,490 ",0 ,1.77 ,0,
08.2023,242016,"DESMODUR T 80            0000,00 KG T01",70,A70,531,075,A902,3587988,"Chiao Fu Enterprises Co., Ltd",303259,Chiao Fu Enterprise Co.Ltd,ERPA,ER20,0,0,TPC-TW,"18,490 ",0 ,1.74 ,0,
08.2023,242016,"DESMODUR T 80            0000,00 KG T01",70,A70,531,075,A902,3630979,JIANN FONG POLYURETHANE,3630979,JIANN FONG POLYURETHANE,ERPA,ER20,0,0,TPC-TW,"18,500 ",0 ,1.76 ,0,
08.2023,242016,"DESMODUR T 80            0000,00 KG T01",70,A70,531,075,A902,3630979,JIANN FONG POLYURETHANE,3920489,JIANN FONG POLYURETHANE,ERPA,ER20,0,0,TPC-TW,"18,500 ",0 ,1.75 ,0,
08.2023,242016,"DESMODUR T 80            0000,00 KG T01",70,A70,531,075,A902,5131282,CHEN CHI HSIANG INDUSTRY,5131282,CHEN CHI HSIANG INDUSTRY,ERPA,ER20,0,0,TPC-TW,"36,970 ",0 ,1.76 ,0,
08.2023,242016,"DESMODUR T 80            0000,00 KG T01",70,A70,531,075,A902,7377033,KUN CHING KEY-INDUSTRY CO LTD,5131045,"KUN CHING INDUSTRIAL CO., LTD.",ERPA,ER20,0,0,TPC-TW,"18,500 ",0 ,1.75 ,0,
08.2023,242016,"DESMODUR T 80            0000,00 KG T01",70,A70,531,075,A905,5036982,"Aica Kogyo Co., Ltd.",5512680,Evermore Chemical Industry,ERPA,ER20,0,0,TPC-TW,"110,960 ",0 ,1.66 ,0,
09.2023,241990,"DESMODUR T 80            0250,00 KG B13",70,A70,531,075,A901,625701,"Praise Victor Industrial Co.,Ltd.",625701,"Praise Victor Industrial Co.,Ltd.",ERP3,ER20,0,0,TPC-TW,"2,500 ",0 ,1.76 ,0,
09.2023,241990,"DESMODUR T 80            0250,00 KG B13",70,A70,531,075,A902,84255,"HOLY FOAM ENTERPRISES CO., LTD.",5131061,HOLYFOAM - TAOYUAN PLANT,ERP3,ER20,0,0,TPC-TW,"6,250 ",0 ,1.87 ,0,
09.2023,241990,"DESMODUR T 80            0250,00 KG B13",70,A70,531,075,A902,300799,TONG FONG TRADING CO LTD,5131363,"MENG SHENG PLASTIC CO., LTD.",ERP3,ER20,0,0,TPC-TW,"20,000 ",0 ,1.80 ,0,
09.2023,241990,"DESMODUR T 80            0250,00 KG B13",70,A70,531,075,A902,1193521,Len Wa Enterprise Corp.,5594746,KER MING ENTERPRISE,ERP3,ER20,0,0,TPC-TW,"19,000 ",0 ,1.78 ,0,
09.2023,241990,"DESMODUR T 80            0250,00 KG B13",70,A70,531,075,A902,7272916,Tayfull Industrial Co.Ltd,7272916,Tayfull Industrial Co.Ltd,ERP3,ER20,0,0,TPC-TW,"20,000 ",0 ,1.80 ,0,
09.2023,241990,"DESMODUR T 80            0250,00 KG B13",70,A70,531,098,A034,300799,TONG FONG TRADING CO LTD,5131835,"YONG SHENG ENTERPRISE CO., LTD.",ERP3,ER20,0,0,TPC-TW,"6,250 ",0 ,1.78 ,0,
09.2023,241990,"DESMODUR T 80            0250,00 KG B13",70,A70,531,098,A034,1193521,Len Wa Enterprise Corp.,3504465,TONG HSING INTEGRATED AND,ERP3,ER20,0,0,TPC-TW,"20,000 ",0 ,1.78 ,0,
09.2023,241990,"DESMODUR T 80            0250,00 KG B13",70,A70,531,098,A034,1193521,Len Wa Enterprise Corp.,5666941,"SHAN WIN CO., LTD.",ERP3,ER20,0,0,TPC-TW,"9,500 ",0 ,1.81 ,0,
09.2023,242016,"DESMODUR T 80            0000,00 KG T01",70,A70,531,075,A902,300799,TONG FONG TRADING CO LTD,5944718,DA FUNG FOAM CO LTD,ERPA,ER20,0,0,TPC-TW,"18,510 ",0 ,1.80 ,0,
09.2023,242016,"DESMODUR T 80            0000,00 KG T01",70,A70,531,075,A902,3587988,"Chiao Fu Enterprises Co., Ltd",303259,Chiao Fu Enterprise Co.Ltd,ERPA,ER20,0,0,TPC-TW,"18,490 ",0 ,1.73 ,0,
09.2023,242016,"DESMODUR T 80            0000,00 KG T01",70,A70,531,075,A902,3630979,JIANN FONG POLYURETHANE,3630979,JIANN FONG POLYURETHANE,ERPA,ER20,0,0,TPC-TW,"36,980 ",0 ,1.77 ,0,
09.2023,242016,"DESMODUR T 80            0000,00 KG T01",70,A70,531,075,A902,5131282,CHEN CHI HSIANG INDUSTRY,5131282,CHEN CHI HSIANG INDUSTRY,ERPA,ER20,0,0,TPC-TW,"18,500 ",0 ,1.79 ,0,
09.2023,242016,"DESMODUR T 80            0000,00 KG T01",70,A70,531,075,A902,5131282,CHEN CHI HSIANG INDUSTRY,11294560,CHEN CHI HSIANG INDUSTRY,ERPA,ER20,0,0,TPC-TW,"55,490 ",0 ,1.77 ,0,
09.2023,242016,"DESMODUR T 80            0000,00 KG T01",70,A70,531,075,A902,7377033,KUN CHING KEY-INDUSTRY CO LTD,5131045,"KUN CHING INDUSTRIAL CO., LTD.",ERPA,ER20,0,0,TPC-TW,"18,500 ",0 ,1.72 ,0,
09.2023,242016,"DESMODUR T 80            0000,00 KG T01",70,A70,531,075,A905,5036982,"Aica Kogyo Co., Ltd.",5512680,Evermore Chemical Industry,ERPA,ER20,0,0,TPC-TW,"74,040 ",0 ,1.74 ,0,
10.2023,241990,"DESMODUR T 80            0250,00 KG B13",70,A70,521,033,A933,300799,TONG FONG TRADING CO LTD,3504473,"F-TAI INDUSTRIAL CO., LTD.",ERP3,ER20,0,0,TPC-TW,"8,000 ",0 ,1.81 ,0,
10.2023,241990,"DESMODUR T 80            0250,00 KG B13",70,A70,531,075,A902,84255,"HOLY FOAM ENTERPRISES CO., LTD.",5131061,HOLYFOAM - TAOYUAN PLANT,ERP3,ER20,0,0,TPC-TW,"12,500 ",0 ,1.85 ,0,
10.2023,241990,"DESMODUR T 80            0250,00 KG B13",70,A70,531,075,A902,7272916,Tayfull Industrial Co.Ltd,7272916,Tayfull Industrial Co.Ltd,ERP3,ER20,0,0,TPC-TW,"20,000 ",0 ,1.78 ,0,
10.2023,241990,"DESMODUR T 80            0250,00 KG B13",70,A70,531,098,A034,300799,TONG FONG TRADING CO LTD,5131835,"YONG SHENG ENTERPRISE CO., LTD.",ERP3,ER20,0,0,TPC-TW,"6,250 ",0 ,1.79 ,0,
10.2023,241990,"DESMODUR T 80            0250,00 KG B13",70,A70,531,098,A034,1193521,Len Wa Enterprise Corp.,3504465,TONG HSING INTEGRATED AND,ERP3,ER20,0,0,TPC-TW,"20,000 ",0 ,1.77 ,0,
10.2023,241990,"DESMODUR T 80            0250,00 KG B13",70,A70,531,098,A034,1193521,Len Wa Enterprise Corp.,5666941,"SHAN WIN CO., LTD.",ERP3,ER20,0,0,TPC-TW,"9,500 ",0 ,1.76 ,0,
10.2023,242016,"DESMODUR T 80            0000,00 KG T01",70,A70,521,046,A949,1480229,NAN YA PLASTICS CORPORATION,5131452,NAN YA PLASTICS CORPORATION,ERPA,ER20,0,0,TPC-TW,"11,020 ",0 ,1.85 ,0,
10.2023,242016,"DESMODUR T 80            0000,00 KG T01",70,A70,531,075,A902,300799,TONG FONG TRADING CO LTD,5132319,"HSING FONG INDUSTRY CO., LTD.",ERPA,ER20,0,0,TPC-TW,"18,500 ",0 ,1.81 ,0,
10.2023,242016,"DESMODUR T 80            0000,00 KG T01",70,A70,531,075,A902,3587988,"Chiao Fu Enterprises Co., Ltd",303259,Chiao Fu Enterprise Co.Ltd,ERPA,ER20,0,0,TPC-TW,"37,010 ",0 ,1.75 ,0,
10.2023,242016,"DESMODUR T 80            0000,00 KG T01",70,A70,531,075,A902,3630979,JIANN FONG POLYURETHANE,3630979,JIANN FONG POLYURETHANE,ERPA,ER20,0,0,TPC-TW,"18,500 ",0 ,1.73 ,0,
10.2023,242016,"DESMODUR T 80            0000,00 KG T01",70,A70,531,075,A902,3630979,JIANN FONG POLYURETHANE,3920489,JIANN FONG POLYURETHANE,ERPA,ER20,0,0,TPC-TW,"18,490 ",0 ,1.72 ,0,
10.2023,242016,"DESMODUR T 80            0000,00 KG T01",70,A70,531,075,A902,5131282,CHEN CHI HSIANG INDUSTRY,5131282,CHEN CHI HSIANG INDUSTRY,ERPA,ER20,0,0,TPC-TW,"36,990 ",0 ,1.76 ,0,
10.2023,242016,"DESMODUR T 80            0000,00 KG T01",70,A70,531,075,A902,5131282,CHEN CHI HSIANG INDUSTRY,11294560,CHEN CHI HSIANG INDUSTRY,ERPA,ER20,0,0,TPC-TW,"18,510 ",0 ,1.76 ,0,
10.2023,242016,"DESMODUR T 80            0000,00 KG T01",70,A70,531,075,A902,7377033,KUN CHING KEY-INDUSTRY CO LTD,5131045,"KUN CHING INDUSTRIAL CO., LTD.",ERPA,ER20,0,0,TPC-TW,"18,500 ",0 ,1.73 ,0,
10.2023,242016,"DESMODUR T 80            0000,00 KG T01",70,A70,531,075,A905,5036982,"Aica Kogyo Co., Ltd.",5512680,Evermore Chemical Industry,ERPA,ER20,0,0,TPC-TW,"37,010 ",0 ,1.72 ,0,
11.2023,241990,"DESMODUR T 80            0250,00 KG B13",70,A70,521,033,A933,300799,TONG FONG TRADING CO LTD,3504473,"F-TAI INDUSTRIAL CO., LTD.",ERP3,ER20,0,0,TPC-TW,"7,500 ",0 ,1.81 ,0,
11.2023,241990,"DESMODUR T 80            0250,00 KG B13",70,A70,531,075,A901,670014,Inoac Corporation,11253021,"SEDA Chemical Products CO., Ltd.",ERP3,ER20,0,0,TPC-TW,"6,250 ",0 ,1.83 ,0,
11.2023,241990,"DESMODUR T 80            0250,00 KG B13",70,A70,531,075,A902,1193521,Len Wa Enterprise Corp.,5594746,KER MING ENTERPRISE,ERP3,ER20,0,0,TPC-TW,"19,000 ",0 ,1.79 ,0,
11.2023,241990,"DESMODUR T 80            0250,00 KG B13",70,A70,531,075,A902,7272916,Tayfull Industrial Co.Ltd,7272916,Tayfull Industrial Co.Ltd,ERP3,ER20,0,0,TPC-TW,"10,000 ",0 ,1.81 ,0,
11.2023,241990,"DESMODUR T 80            0250,00 KG B13",70,A70,531,098,A034,300799,TONG FONG TRADING CO LTD,3174429,Tatung Fine chemicals Co,ERP3,ER20,0,0,TPC-TW,"6,250 ",0 ,1.82 ,0,
11.2023,241990,"DESMODUR T 80            0250,00 KG B13",70,A70,531,098,A034,300799,TONG FONG TRADING CO LTD,5131088,"TONG FONG TRADING CO., LTD.",ERP3,ER20,0,0,TPC-TW,"10,000 ",0 ,1.76 ,0,
11.2023,242016,"DESMODUR T 80            0000,00 KG T01",70,A70,521,046,A949,1480229,NAN YA PLASTICS CORPORATION,5131452,NAN YA PLASTICS CORPORATION,ERPA,ER20,0,0,TPC-TW,"11,010 ",0 ,1.90 ,0,
11.2023,242016,"DESMODUR T 80            0000,00 KG T01",70,A70,531,075,A902,3630979,JIANN FONG POLYURETHANE,3630979,JIANN FONG POLYURETHANE,ERPA,ER20,0,0,TPC-TW,"18,500 ",0 ,1.76 ,0,
11.2023,242016,"DESMODUR T 80            0000,00 KG T01",70,A70,531,075,A902,3630979,JIANN FONG POLYURETHANE,3920489,JIANN FONG POLYURETHANE,ERPA,ER20,0,0,TPC-TW,"37,020 ",0 ,1.76 ,0,
11.2023,242016,"DESMODUR T 80            0000,00 KG T01",70,A70,531,075,A902,5131282,CHEN CHI HSIANG INDUSTRY,5131282,CHEN CHI HSIANG INDUSTRY,ERPA,ER20,0,0,TPC-TW,"37,020 ",0 ,1.79 ,0,
11.2023,242016,"DESMODUR T 80            0000,00 KG T01",70,A70,531,075,A902,5131282,CHEN CHI HSIANG INDUSTRY,11294560,CHEN CHI HSIANG INDUSTRY,ERPA,ER20,0,0,TPC-TW,"18,500 ",0 ,1.78 ,0,
12.2023,241990,"DESMODUR T 80            0250,00 KG B13",70,A70,521,033,A933,300799,TONG FONG TRADING CO LTD,3504473,"F-TAI INDUSTRIAL CO., LTD.",ERP3,ER20,0,0,TPC-TW,"7,500 ",0 ,1.75 ,0,
12.2023,241990,"DESMODUR T 80            0250,00 KG B13",70,A70,521,074,A957,85138,NEOWAY CHEMICALS CO.LTD.,85138,NEOWAY CHEMICALS CO.LTD.,ERP3,ER20,0,0,TPC-TW,"3,750 ",0 ,1.79 ,0,
12.2023,241990,"DESMODUR T 80            0250,00 KG B13",70,A70,531,075,A901,625701,"Praise Victor Industrial Co.,Ltd.",625701,"Praise Victor Industrial Co.,Ltd.",ERP3,ER20,0,0,TPC-TW,"2,500 ",0 ,1.78 ,0,
12.2023,241990,"DESMODUR T 80            0250,00 KG B13",70,A70,531,075,A902,300799,TONG FONG TRADING CO LTD,3539322,HAMPTON ENTERPRISE CO LTD,ERP3,ER20,0,0,TPC-TW,"7,500 ",0 ,1.74 ,0,
12.2023,241990,"DESMODUR T 80            0250,00 KG B13",70,A70,531,075,A902,300799,TONG FONG TRADING CO LTD,5131339,"JOHNICE INDUSTRY CO., LTD",ERP3,ER20,0,0,TPC-TW,"10,000 ",0 ,1.75 ,0,
12.2023,241990,"DESMODUR T 80            0250,00 KG B13",70,A70,531,075,A902,7272916,Tayfull Industrial Co.Ltd,7272916,Tayfull Industrial Co.Ltd,ERP3,ER20,0,0,TPC-TW,"30,000 ",0 ,1.80 ,0,
12.2023,241990,"DESMODUR T 80            0250,00 KG B13",70,A70,531,098,A034,300799,TONG FONG TRADING CO LTD,3174429,Tatung Fine chemicals Co,ERP3,ER20,0,0,TPC-TW,"6,250 ",0 ,1.73 ,0,
12.2023,241990,"DESMODUR T 80            0250,00 KG B13",70,A70,531,098,A034,1193521,Len Wa Enterprise Corp.,3504465,TONG HSING INTEGRATED AND,ERP3,ER20,0,0,TPC-TW,"20,000 ",0 ,1.81 ,0,
12.2023,242016,"DESMODUR T 80            0000,00 KG T01",70,A70,531,075,A902,300799,TONG FONG TRADING CO LTD,5944718,DA FUNG FOAM CO LTD,ERPA,ER20,0,0,TPC-TW,"18,500 ",0 ,1.75 ,0,
12.2023,242016,"DESMODUR T 80            0000,00 KG T01",70,A70,531,075,A902,3587988,"Chiao Fu Enterprises Co., Ltd",303259,Chiao Fu Enterprise Co.Ltd,ERPA,ER20,0,0,TPC-TW,"36,990 ",0 ,1.66 ,0,
12.2023,242016,"DESMODUR T 80            0000,00 KG T01",70,A70,531,075,A902,3630979,JIANN FONG POLYURETHANE,3630979,JIANN FONG POLYURETHANE,ERPA,ER20,0,0,TPC-TW,"18,490 ",0 ,1.79 ,0,
12.2023,242016,"DESMODUR T 80            0000,00 KG T01",70,A70,531,075,A902,5131282,CHEN CHI HSIANG INDUSTRY,5131282,CHEN CHI HSIANG INDUSTRY,ERPA,ER20,0,0,TPC-TW,"18,490 ",0 ,1.76 ,0,
12.2023,242016,"DESMODUR T 80            0000,00 KG T01",70,A70,531,075,A902,5131282,CHEN CHI HSIANG INDUSTRY,11294560,CHEN CHI HSIANG INDUSTRY,ERPA,ER20,0,0,TPC-TW,"37,010 ",0 ,1.77 ,0,
12.2023,242016,"DESMODUR T 80            0000,00 KG T01",70,A70,531,075,A902,7377033,KUN CHING KEY-INDUSTRY CO LTD,5131045,"KUN CHING INDUSTRIAL CO., LTD.",ERPA,ER20,0,0,TPC-TW,"18,490 ",0 ,1.69 ,0,
12.2023,242016,"DESMODUR T 80            0000,00 KG T01",70,A70,531,075,A905,7287956,Headway Advanced Materials Inc.,3649685,HEADWAY ADVANCED MATERIALS INC,ERPA,ER20,0,0,TPC-TW,"18,500 ",0 ,1.72 ,0,
01.2024,241990,"DESMODUR T 80            0250,00 KG B13",70,A70,531,075,A902,84255,"HOLY FOAM ENTERPRISES CO., LTD.",5131061,HOLYFOAM - TAOYUAN PLANT,ERP3,ER20,0,0,TPC-TW,"6,250 ",0 ,1.81 ,0,
01.2024,241990,"DESMODUR T 80            0250,00 KG B13",70,A70,531,075,A902,300799,TONG FONG TRADING CO LTD,5131339,"JOHNICE INDUSTRY CO., LTD",ERP3,ER20,0,0,TPC-TW,"20,000 ",0 ,1.71 ,0,
01.2024,241990,"DESMODUR T 80            0250,00 KG B13",70,A70,531,075,A902,7272916,Tayfull Industrial Co.Ltd,7272916,Tayfull Industrial Co.Ltd,ERP3,ER20,0,0,TPC-TW,"20,000 ",0 ,1.76 ,0,
01.2024,241990,"DESMODUR T 80            0250,00 KG B13",70,A70,531,098,A034,300799,TONG FONG TRADING CO LTD,3174429,Tatung Fine chemicals Co,ERP3,ER20,0,0,TPC-TW,"6,250 ",0 ,1.70 ,0,
01.2024,241990,"DESMODUR T 80            0250,00 KG B13",70,A70,531,098,A034,300799,TONG FONG TRADING CO LTD,5131789,"KOHO MATERIAL CO., LTD.",ERP3,ER20,0,0,TPC-TW,"6,250 ",0 ,1.73 ,0,
01.2024,241990,"DESMODUR T 80            0250,00 KG B13",70,A70,531,098,A034,300799,TONG FONG TRADING CO LTD,5131835,"YONG SHENG ENTERPRISE CO., LTD.",ERP3,ER20,0,0,TPC-TW,"6,250 ",0 ,1.76 ,0,
01.2024,241990,"DESMODUR T 80            0250,00 KG B13",70,A70,531,098,A034,1193521,Len Wa Enterprise Corp.,5666941,"SHAN WIN CO., LTD.",ERP3,ER20,0,0,TPC-TW,"9,500 ",0 ,1.83 ,0,
01.2024,241990,"DESMODUR T 80            0250,00 KG B13",70,A70,531,098,A034,11232643,"HEXA MATERIAL TECHNOLOGY CO., LTD.",11232643,"HEXA MATERIAL TECHNOLOGY CO., LTD.",NLWH,NL20,0,0,TPC-TW,"140,000 ",0 ,1.64 ,0,
01.2024,242016,"DESMODUR T 80            0000,00 KG T01",70,A70,521,046,A949,1480229,NAN YA PLASTICS CORPORATION,5131452,NAN YA PLASTICS CORPORATION,ERPA,ER20,0,0,TPC-TW,"11,010 ",0 ,1.81 ,0,
01.2024,242016,"DESMODUR T 80            0000,00 KG T01",70,A70,531,075,A902,3587988,"Chiao Fu Enterprises Co., Ltd",303259,Chiao Fu Enterprise Co.Ltd,ERPA,ER20,0,0,TPC-TW,"55,490 ",0 ,1.66 ,0,
01.2024,242016,"DESMODUR T 80            0000,00 KG T01",70,A70,531,075,A902,5131282,CHEN CHI HSIANG INDUSTRY,5131282,CHEN CHI HSIANG INDUSTRY,ERPA,ER20,0,0,TPC-TW,"55,500 ",0 ,1.67 ,0,
01.2024,242016,"DESMODUR T 80            0000,00 KG T01",70,A70,531,075,A902,5131282,CHEN CHI HSIANG INDUSTRY,11294560,CHEN CHI HSIANG INDUSTRY,ERPA,ER20,0,0,TPC-TW,"37,020 ",0 ,1.67 ,0,
01.2024,242016,"DESMODUR T 80            0000,00 KG T01",70,A70,531,075,A902,7377033,KUN CHING KEY-INDUSTRY CO LTD,5131045,"KUN CHING INDUSTRIAL CO., LTD.",ERPA,ER20,0,0,TPC-TW,"18,490 ",0 ,1.66 ,0,
01.2024,242016,"DESMODUR T 80            0000,00 KG T01",70,A70,531,075,A905,5036982,"Aica Kogyo Co., Ltd.",5512680,Evermore Chemical Industry,ERPA,ER20,0,0,TPC-TW,"37,020 ",0 ,1.67 ,0,
01.2024,242016,"DESMODUR T 80            0000,00 KG T01",70,A70,531,075,A905,7287956,Headway Advanced Materials Inc.,3649685,HEADWAY ADVANCED MATERIALS INC,ERPA,ER20,0,0,TPC-TW,"110,980 ",0 ,1.69 ,0,
02.2024,241990,"DESMODUR T 80            0250,00 KG B13",70,A70,521,088,A953,1193521,Len Wa Enterprise Corp.,5995495,"CHUNFA HITECH INDUSTRIAL CO., LTD.",ERP3,ER20,0,0,TPC-TW,"1,000 ",0 ,2.12 ,0,
02.2024,241990,"DESMODUR T 80            0250,00 KG B13",70,A70,531,075,A902,84255,"HOLY FOAM ENTERPRISES CO., LTD.",5131061,HOLYFOAM - TAOYUAN PLANT,ERP3,ER20,0,0,TPC-TW,"12,500 ",0 ,1.87 ,0,
02.2024,241990,"DESMODUR T 80            0250,00 KG B13",70,A70,531,075,A902,7272916,Tayfull Industrial Co.Ltd,7272916,Tayfull Industrial Co.Ltd,ERP3,ER20,0,0,TPC-TW,"7,500 ",0 ,1.85 ,0,
02.2024,241990,"DESMODUR T 80            0250,00 KG B13",70,A70,531,098,A034,11232643,"HEXA MATERIAL TECHNOLOGY CO., LTD.",11232643,"HEXA MATERIAL TECHNOLOGY CO., LTD.",NLWH,NL20,0,0,TPC-TW,"20,000 ",0 ,1.64 ,0,
02.2024,242016,"DESMODUR T 80            0000,00 KG T01",70,A70,531,075,A902,3630979,JIANN FONG POLYURETHANE,3630979,JIANN FONG POLYURETHANE,ERPA,ER20,0,0,TPC-TW,"18,500 ",0 ,1.70 ,0,
02.2024,242016,"DESMODUR T 80            0000,00 KG T01",70,A70,531,075,A902,5131282,CHEN CHI HSIANG INDUSTRY,5131282,CHEN CHI HSIANG INDUSTRY,ERPA,ER20,0,0,TPC-TW,"18,510 ",0 ,1.78 ,0,
02.2024,242016,"DESMODUR T 80            0000,00 KG T01",70,A70,531,075,A902,5131282,CHEN CHI HSIANG INDUSTRY,11294560,CHEN CHI HSIANG INDUSTRY,ERPA,ER20,0,0,TPC-TW,"18,500 ",0 ,1.67 ,0,
02.2024,242016,"DESMODUR T 80            0000,00 KG T01",70,A70,531,075,A905,5036982,"Aica Kogyo Co., Ltd.",5512680,Evermore Chemical Industry,ERPA,ER20,0,0,TPC-TW,"18,470 ",0 ,1.76 ,0,
02.2024,242016,"DESMODUR T 80            0000,00 KG T01",70,A70,531,075,A905,7287956,Headway Advanced Materials Inc.,3649685,HEADWAY ADVANCED MATERIALS INC,ERPA,ER20,0,0,TPC-TW,"73,990 ",0 ,1.64 ,0,
03.2024,241990,"DESMODUR T 80            0250,00 KG B13",70,A70,531,075,A901,670014,Inoac Corporation,11253021,"SEDA Chemical Products CO., Ltd.",ERP3,ER20,0,0,TPC-TW,"6,250 ",0 ,1.89 ,0,
03.2024,241990,"DESMODUR T 80            0250,00 KG B13",70,A70,531,075,A902,84255,"HOLY FOAM ENTERPRISES CO., LTD.",5131061,HOLYFOAM - TAOYUAN PLANT,ERP3,ER20,0,0,TPC-TW,"6,250 ",0 ,1.84 ,0,
03.2024,241990,"DESMODUR T 80            0250,00 KG B13",70,A70,531,075,A902,1193521,Len Wa Enterprise Corp.,5594746,KER MING ENTERPRISE,ERP3,ER20,0,0,TPC-TW,"9,500 ",0 ,1.83 ,0,
03.2024,241990,"DESMODUR T 80            0250,00 KG B13",70,A70,531,075,A902,7272916,Tayfull Industrial Co.Ltd,7272916,Tayfull Industrial Co.Ltd,ERP3,ER20,0,0,TPC-TW,"10,000 ",0 ,1.96 ,0,
03.2024,241990,"DESMODUR T 80            0250,00 KG B13",70,A70,531,098,A034,300799,TONG FONG TRADING CO LTD,5131088,"TONG FONG TRADING CO., LTD.",ERP3,ER20,0,0,TPC-TW,"10,000 ",0 ,1.78 ,0,
03.2024,242016,"DESMODUR T 80            0000,00 KG T01",70,A70,521,046,A949,1480229,NAN YA PLASTICS CORPORATION,5131452,NAN YA PLASTICS CORPORATION,ERPA,ER20,0,0,TPC-TW,"11,010 ",0 ,1.78 ,0,
03.2024,242016,"DESMODUR T 80            0000,00 KG T01",70,A70,531,075,A902,300799,TONG FONG TRADING CO LTD,5944718,DA FUNG FOAM CO LTD,ERPA,ER20,0,0,TPC-TW,"18,500 ",0 ,1.81 ,0,
03.2024,242016,"DESMODUR T 80            0000,00 KG T01",70,A70,531,075,A902,3630979,JIANN FONG POLYURETHANE,3630979,JIANN FONG POLYURETHANE,ERPA,ER20,0,0,TPC-TW,"37,000 ",0 ,1.84 ,0,
03.2024,242016,"DESMODUR T 80            0000,00 KG T01",70,A70,531,075,A902,3630979,JIANN FONG POLYURETHANE,3920489,JIANN FONG POLYURETHANE,ERPA,ER20,0,0,TPC-TW,"37,010 ",0 ,1.85 ,0,
03.2024,242016,"DESMODUR T 80            0000,00 KG T01",70,A70,531,075,A902,5131282,CHEN CHI HSIANG INDUSTRY,5131282,CHEN CHI HSIANG INDUSTRY,ERPA,ER20,0,0,TPC-TW,"37,000 ",0 ,1.89 ,0,
03.2024,242016,"DESMODUR T 80            0000,00 KG T01",70,A70,531,075,A902,5131282,CHEN CHI HSIANG INDUSTRY,11294560,CHEN CHI HSIANG INDUSTRY,ERPA,ER20,0,0,TPC-TW,"36,990 ",0 ,1.88 ,0,
03.2024,242016,"DESMODUR T 80            0000,00 KG T01",70,A70,531,075,A905,5036982,"Aica Kogyo Co., Ltd.",5512680,Evermore Chemical Industry,ERPA,ER20,0,0,TPC-TW,"18,510 ",0 ,1.76 ,0,
03.2024,242016,"DESMODUR T 80            0000,00 KG T01",70,A70,531,075,A905,7287956,Headway Advanced Materials Inc.,3649685,HEADWAY ADVANCED MATERIALS INC,ERPA,ER20,0,0,TPC-TW,"74,040 ",0 ,1.82 ,0,
04.2024,241990,"DESMODUR T 80            0250,00 KG B13",70,A70,521,088,A953,1193521,Len Wa Enterprise Corp.,5995495,"CHUNFA HITECH INDUSTRIAL CO., LTD.",ERP3,ER20,0,0,TPC-TW,"1,000 ",0 ,2.06 ,0,
04.2024,241990,"DESMODUR T 80            0250,00 KG B13",70,A70,531,075,A901,625701,"Praise Victor Industrial Co.,Ltd.",625701,"Praise Victor Industrial Co.,Ltd.",ERP3,ER20,0,0,TPC-TW,"3,750 ",0 ,1.81 ,0,
04.2024,241990,"DESMODUR T 80            0250,00 KG B13",70,A70,531,075,A902,84255,"HOLY FOAM ENTERPRISES CO., LTD.",5131061,HOLYFOAM - TAOYUAN PLANT,ERP3,ER20,0,0,TPC-TW,"6,250 ",0 ,1.80 ,0,
04.2024,241990,"DESMODUR T 80            0250,00 KG B13",70,A70,531,075,A902,1193521,Len Wa Enterprise Corp.,3645435,"SAN YOU PLASTIC CO., LTD.",ERP3,ER20,0,0,TPC-TW,"7,500 ",0 ,1.75 ,0,
04.2024,241990,"DESMODUR T 80            0250,00 KG B13",70,A70,531,075,A902,7272916,Tayfull Industrial Co.Ltd,7272916,Tayfull Industrial Co.Ltd,ERP3,ER20,0,0,TPC-TW,"20,000 ",0 ,1.80 ,0,
04.2024,241990,"DESMODUR T 80            0250,00 KG B13",70,A70,531,098,A034,300799,TONG FONG TRADING CO LTD,5131088,"TONG FONG TRADING CO., LTD.",ERP3,ER20,0,0,TPC-TW,"20,000 ",0 ,1.71 ,0,
04.2024,241990,"DESMODUR T 80            0250,00 KG B13",70,A70,531,098,A034,1193521,Len Wa Enterprise Corp.,801129,"COATING P. MATERIALS CO., LTD.",ERP3,ER20,0,0,TPC-TW,"7,500 ",0 ,1.75 ,0,
04.2024,241990,"DESMODUR T 80            0250,00 KG B13",70,A70,531,098,A034,1193521,Len Wa Enterprise Corp.,3504465,TONG HSING INTEGRATED AND,ERP3,ER20,0,0,TPC-TW,"10,000 ",0 ,1.72 ,0,
04.2024,241990,"DESMODUR T 80            0250,00 KG B13",70,A70,531,098,A034,1193521,Len Wa Enterprise Corp.,5666941,"SHAN WIN CO., LTD.",ERP3,ER20,0,0,TPC-TW,"7,500 ",0 ,1.78 ,0,
04.2024,242016,"DESMODUR T 80            0000,00 KG T01",70,A70,531,075,A902,1193521,Len Wa Enterprise Corp.,4284129,SUNRISE SUCCEED CO.LTD.,ERPA,ER20,0,0,TPC-TW,"18,500 ",0 ,1.81 ,0,
04.2024,242016,"DESMODUR T 80            0000,00 KG T01",70,A70,531,075,A902,3587988,"Chiao Fu Enterprises Co., Ltd",303259,Chiao Fu Enterprise Co.Ltd,ERPA,ER20,0,0,TPC-TW,"18,490 ",0 ,1.70 ,0,
04.2024,242016,"DESMODUR T 80            0000,00 KG T01",70,A70,531,075,A902,5131282,CHEN CHI HSIANG INDUSTRY,5131282,CHEN CHI HSIANG INDUSTRY,ERPA,ER20,0,0,TPC-TW,"37,010 ",0 ,1.73 ,0,
04.2024,242016,"DESMODUR T 80            0000,00 KG T01",70,A70,531,075,A902,5131282,CHEN CHI HSIANG INDUSTRY,11294560,CHEN CHI HSIANG INDUSTRY,ERPA,ER20,0,0,TPC-TW,"37,010 ",0 ,1.72 ,0,
05.2024,241990,"DESMODUR T 80            0250,00 KG B13",70,A70,531,075,A901,670014,Inoac Corporation,11253021,"SEDA Chemical Products CO., Ltd.",ERP3,ER20,0,0,TPC-TW,"10,000 ",0 ,1.74 ,0,
05.2024,241990,"DESMODUR T 80            0250,00 KG B13",70,A70,531,075,A902,300799,TONG FONG TRADING CO LTD,5131339,"JOHNICE INDUSTRY CO., LTD",ERP3,ER20,0,0,TPC-TW,"10,000 ",0 ,1.66 ,0,
05.2024,241990,"DESMODUR T 80            0250,00 KG B13",70,A70,531,075,A902,300799,TONG FONG TRADING CO LTD,5131363,"MENG SHENG PLASTIC CO., LTD.",ERP3,ER20,0,0,TPC-TW,"10,000 ",0 ,1.67 ,0,
05.2024,241990,"DESMODUR T 80            0250,00 KG B13",70,A70,531,075,A902,1193521,Len Wa Enterprise Corp.,5594746,KER MING ENTERPRISE,ERP3,ER20,0,0,TPC-TW,"9,500 ",0 ,1.73 ,0,
05.2024,241990,"DESMODUR T 80            0250,00 KG B13",70,A70,531,075,A902,7272916,Tayfull Industrial Co.Ltd,7272916,Tayfull Industrial Co.Ltd,ERP3,ER20,0,0,TPC-TW,"10,000 ",0 ,1.73 ,0,
05.2024,241990,"DESMODUR T 80            0250,00 KG B13",70,A70,531,098,A034,1193521,Len Wa Enterprise Corp.,5666941,"SHAN WIN CO., LTD.",ERP3,ER20,0,0,TPC-TW,"7,500 ",0 ,1.73 ,0,
05.2024,241990,"DESMODUR T 80            0250,00 KG B13",70,A70,531,098,A034,11232643,"HEXA MATERIAL TECHNOLOGY CO., LTD.",11232643,"HEXA MATERIAL TECHNOLOGY CO., LTD.",NLWH,NL20,0,0,TPC-TW,"40,000 ",0 ,1.65 ,0,
05.2024,242016,"DESMODUR T 80            0000,00 KG T01",70,A70,521,046,A949,1480229,NAN YA PLASTICS CORPORATION,5131452,NAN YA PLASTICS CORPORATION,ERPA,ER20,0,0,TPC-TW,"11,030 ",0 ,1.71 ,0,
05.2024,242016,"DESMODUR T 80            0000,00 KG T01",70,A70,531,075,A902,3587988,"Chiao Fu Enterprises Co., Ltd",303259,Chiao Fu Enterprise Co.Ltd,ERPA,ER20,0,0,TPC-TW,"18,520 ",0 ,1.69 ,0,
05.2024,242016,"DESMODUR T 80            0000,00 KG T01",70,A70,531,075,A902,5131282,CHEN CHI HSIANG INDUSTRY,11294560,CHEN CHI HSIANG INDUSTRY,ERPA,ER20,0,0,TPC-TW,"36,950 ",0 ,1.70 ,0,
05.2024,242016,"DESMODUR T 80            0000,00 KG T01",70,A70,531,075,A905,5036982,"Aica Kogyo Co., Ltd.",5512680,Evermore Chemical Industry,ERPA,ER20,0,0,TPC-TW,"36,970 ",0 ,1.64 ,0,
06.2024,241990,"DESMODUR T 80            0250,00 KG B13",70,A70,521,033,A933,3617841,Union Chemical Ind. Co. Ltd.,630314,Union Chemical Ind. Corp.,ERP3,ER20,0,0,TPC-TW,"40,000 ",0 ,1.65 ,0,
06.2024,241990,"DESMODUR T 80            0250,00 KG B13",70,A70,531,075,A901,670014,Inoac Corporation,11253021,"SEDA Chemical Products CO., Ltd.",ERP3,ER20,0,0,TPC-TW,"20,000 ",0 ,1.66 ,0,
06.2024,241990,"DESMODUR T 80            0250,00 KG B13",70,A70,531,075,A902,84255,"HOLY FOAM ENTERPRISES CO., LTD.",5131061,HOLYFOAM - TAOYUAN PLANT,ERP3,ER20,0,0,TPC-TW,"10,000 ",0 ,1.77 ,0,
06.2024,241990,"DESMODUR T 80            0250,00 KG B13",70,A70,531,075,A902,300799,TONG FONG TRADING CO LTD,5131339,"JOHNICE INDUSTRY CO., LTD",ERP3,ER20,0,0,TPC-TW,"10,000 ",0 ,1.64 ,0,
06.2024,241990,"DESMODUR T 80            0250,00 KG B13",70,A70,531,075,A902,7272916,Tayfull Industrial Co.Ltd,7272916,Tayfull Industrial Co.Ltd,ERP3,ER20,0,0,TPC-TW,"10,000 ",0 ,1.70 ,0,
06.2024,241990,"DESMODUR T 80            0250,00 KG B13",70,A70,531,098,A034,11232643,"HEXA MATERIAL TECHNOLOGY CO., LTD.",11232643,"HEXA MATERIAL TECHNOLOGY CO., LTD.",NLWH,NL20,0,0,TPC-TW,"20,000 ",0 ,1.64 ,0,
06.2024,242016,"DESMODUR T 80            0000,00 KG T01",70,A70,531,075,A902,3587988,"Chiao Fu Enterprises Co., Ltd",303259,Chiao Fu Enterprise Co.Ltd,ERPA,ER20,0,0,TPC-TW,"36,970 ",0 ,1.66 ,0,
06.2024,242016,"DESMODUR T 80            0000,00 KG T01",70,A70,531,075,A902,3630979,JIANN FONG POLYURETHANE,3630979,JIANN FONG POLYURETHANE,ERPA,ER20,0,0,TPC-TW,"36,970 ",0 ,1.68 ,0,
06.2024,242016,"DESMODUR T 80            0000,00 KG T01",70,A70,531,075,A902,3630979,JIANN FONG POLYURETHANE,3920489,JIANN FONG POLYURETHANE,ERPA,ER20,0,0,TPC-TW,"18,500 ",0 ,1.69 ,0,
06.2024,242016,"DESMODUR T 80            0000,00 KG T01",70,A70,531,075,A902,5131282,CHEN CHI HSIANG INDUSTRY,11294560,CHEN CHI HSIANG INDUSTRY,ERPA,ER20,0,0,TPC-TW,"36,970 ",0 ,1.69 ,0,
06.2024,242016,"DESMODUR T 80            0000,00 KG T01",70,A70,531,075,A902,7377033,KUN CHING KEY-INDUSTRY CO LTD,5131045,"KUN CHING INDUSTRIAL CO., LTD.",ERPA,ER20,0,0,TPC-TW,"18,470 ",0 ,1.61 ,0,
06.2024,242016,"DESMODUR T 80            0000,00 KG T01",70,A70,531,075,A905,5036982,"Aica Kogyo Co., Ltd.",5512680,Evermore Chemical Industry,ERPA,ER20,0,0,TPC-TW,"55,420 ",0 ,1.63 ,0,
07.2024,241990,"DESMODUR T 80            0250,00 KG B13",70,A70,531,075,A901,1193521,Len Wa Enterprise Corp.,5134079,"NENG KWONG CO., LTD.",ERP3,ER20,0,0,TPC-TW,"6,000 ",0 ,1.61 ,0,
07.2024,241990,"DESMODUR T 80            0250,00 KG B13",70,A70,531,075,A902,84255,"HOLY FOAM ENTERPRISES CO., LTD.",5131061,HOLYFOAM - TAOYUAN PLANT,ERP3,ER20,0,0,TPC-TW,"5,000 ",0 ,1.68 ,0,
07.2024,241990,"DESMODUR T 80            0250,00 KG B13",70,A70,531,075,A902,300799,TONG FONG TRADING CO LTD,5131339,"JOHNICE INDUSTRY CO., LTD",ERP3,ER20,0,0,TPC-TW,"10,000 ",0 ,1.60 ,0,
07.2024,241990,"DESMODUR T 80            0250,00 KG B13",70,A70,531,075,A902,1193521,Len Wa Enterprise Corp.,5594746,KER MING ENTERPRISE,ERP3,ER20,0,0,TPC-TW,"9,500 ",0 ,1.61 ,0,
07.2024,241990,"DESMODUR T 80            0250,00 KG B13",70,A70,531,075,A902,7272916,Tayfull Industrial Co.Ltd,7272916,Tayfull Industrial Co.Ltd,ERP3,ER20,0,0,TPC-TW,"20,000 ",0 ,1.63 ,0,
07.2024,241990,"DESMODUR T 80            0250,00 KG B13",70,A70,531,098,A034,1193521,Len Wa Enterprise Corp.,801129,"COATING P. MATERIALS CO., LTD.",ERP3,ER20,0,0,TPC-TW,"6,000 ",0 ,1.59 ,0,
07.2024,241990,"DESMODUR T 80            0250,00 KG B13",70,A70,531,098,A034,1193521,Len Wa Enterprise Corp.,3504465,TONG HSING INTEGRATED AND,ERP3,ER20,0,0,TPC-TW,"22,500 ",0 ,1.59 ,0,
07.2024,241990,"DESMODUR T 80            0250,00 KG B13",70,A70,531,098,A034,1193521,Len Wa Enterprise Corp.,5666941,"SHAN WIN CO., LTD.",ERP3,ER20,0,0,TPC-TW,"6,000 ",0 ,1.60 ,0,
07.2024,242016,"DESMODUR T 80            0000,00 KG T01",70,A70,521,046,A949,1480229,NAN YA PLASTICS CORPORATION,5131452,NAN YA PLASTICS CORPORATION,ERPA,ER20,0,0,TPC-TW,"10,990 ",0 ,1.71 ,0,
07.2024,242016,"DESMODUR T 80            0000,00 KG T01",70,A70,521,077,A040,1193521,Len Wa Enterprise Corp.,8987450,CROSLENE CHEMICAL IND LTD,ERPA,ER20,0,0,TPC-TW,"18,490 ",0 ,1.62 ,0,
07.2024,242016,"DESMODUR T 80            0000,00 KG T01",70,A70,531,075,A902,300799,TONG FONG TRADING CO LTD,5944718,DA FUNG FOAM CO LTD,ERPA,ER20,0,0,TPC-TW,"18,440 ",0 ,1.55 ,0,
07.2024,242016,"DESMODUR T 80            0000,00 KG T01",70,A70,531,075,A902,3587988,"Chiao Fu Enterprises Co., Ltd",303259,Chiao Fu Enterprise Co.Ltd,ERPA,ER20,0,0,TPC-TW,"36,980 ",0 ,1.58 ,0,
07.2024,242016,"DESMODUR T 80            0000,00 KG T01",70,A70,531,075,A902,3630979,JIANN FONG POLYURETHANE,3630979,JIANN FONG POLYURETHANE,ERPA,ER20,0,0,TPC-TW,"36,970 ",0 ,1.63 ,0,
07.2024,242016,"DESMODUR T 80            0000,00 KG T01",70,A70,531,075,A902,3630979,JIANN FONG POLYURETHANE,3920489,JIANN FONG POLYURETHANE,ERPA,ER20,0,0,TPC-TW,"18,470 ",0 ,1.57 ,0,
07.2024,242016,"DESMODUR T 80            0000,00 KG T01",70,A70,531,075,A902,5131282,CHEN CHI HSIANG INDUSTRY,11294560,CHEN CHI HSIANG INDUSTRY,ERPA,ER20,0,0,TPC-TW,"92,510 ",0 ,1.59 ,0,
07.2024,242016,"DESMODUR T 80            0000,00 KG T01",70,A70,531,075,A905,5036982,"Aica Kogyo Co., Ltd.",5512680,Evermore Chemical Industry,ERPA,ER20,0,0,TPC-TW,"18,490 ",0 ,1.61 ,0,
07.2024,242016,"DESMODUR T 80            0000,00 KG T01",70,A70,531,075,A905,7287956,Headway Advanced Materials Inc.,3649685,HEADWAY ADVANCED MATERIALS INC,ERPA,ER20,0,0,TPC-TW,"36,950 ",0 ,1.59 ,0,
08.2024,241990,"DESMODUR T 80            0250,00 KG B13",70,A70,521,033,A933,300799,TONG FONG TRADING CO LTD,3504473,"F-TAI INDUSTRIAL CO., LTD.",ERP3,ER20,0,0,TPC-TW,"6,250 ",0 ,1.60 ,0,
08.2024,241990,"DESMODUR T 80            0250,00 KG B13",70,A70,531,075,A902,84255,"HOLY FOAM ENTERPRISES CO., LTD.",5131061,HOLYFOAM - TAOYUAN PLANT,ERP3,ER20,0,0,TPC-TW,"5,000 ",0 ,1.68 ,0,
08.2024,241990,"DESMODUR T 80            0250,00 KG B13",70,A70,531,075,A902,300799,TONG FONG TRADING CO LTD,5131339,"JOHNICE INDUSTRY CO., LTD",ERP3,ER20,0,0,TPC-TW,"30,000 ",0 ,1.60 ,0,
08.2024,241990,"DESMODUR T 80            0250,00 KG B13",70,A70,531,075,A902,1193521,Len Wa Enterprise Corp.,5594746,KER MING ENTERPRISE,ERP3,ER20,0,0,TPC-TW,"19,000 ",0 ,1.62 ,0,
08.2024,241990,"DESMODUR T 80            0250,00 KG B13",70,A70,531,075,A902,7272916,Tayfull Industrial Co.Ltd,7272916,Tayfull Industrial Co.Ltd,ERP3,ER20,0,0,TPC-TW,"10,000 ",0 ,1.61 ,0,
08.2024,241990,"DESMODUR T 80            0250,00 KG B13",70,A70,531,098,A034,300799,TONG FONG TRADING CO LTD,5131088,"TONG FONG TRADING CO., LTD.",ERP3,ER20,0,0,TPC-TW,"3,500 ",0 ,1.50 ,0,
08.2024,242016,"DESMODUR T 80            0000,00 KG T01",70,A70,531,075,A902,300799,TONG FONG TRADING CO LTD,5132319,"HSING FONG INDUSTRY CO., LTD.",ERPA,ER20,0,0,TPC-TW,"18,500 ",0 ,1.63 ,0,
08.2024,242016,"DESMODUR T 80            0000,00 KG T01",70,A70,531,075,A902,300799,TONG FONG TRADING CO LTD,5944718,DA FUNG FOAM CO LTD,ERPA,ER20,0,0,TPC-TW,"18,470 ",0 ,1.64 ,0,
08.2024,242016,"DESMODUR T 80            0000,00 KG T01",70,A70,531,075,A902,3587988,"Chiao Fu Enterprises Co., Ltd",303259,Chiao Fu Enterprise Co.Ltd,ERPA,ER20,0,0,TPC-TW,"36,980 ",0 ,1.60 ,0,
08.2024,242016,"DESMODUR T 80            0000,00 KG T01",70,A70,531,075,A902,3630979,JIANN FONG POLYURETHANE,3630979,JIANN FONG POLYURETHANE,ERPA,ER20,0,0,TPC-TW,"36,970 ",0 ,1.60 ,0,
08.2024,242016,"DESMODUR T 80            0000,00 KG T01",70,A70,531,075,A902,3630979,JIANN FONG POLYURETHANE,3920489,JIANN FONG POLYURETHANE,ERPA,ER20,0,0,TPC-TW,"18,490 ",0 ,1.60 ,0,
08.2024,242016,"DESMODUR T 80            0000,00 KG T01",70,A70,531,075,A902,5131282,CHEN CHI HSIANG INDUSTRY,11294560,CHEN CHI HSIANG INDUSTRY,ERPA,ER20,0,0,TPC-TW,"73,940 ",0 ,1.59 ,0,
08.2024,242016,"DESMODUR T 80            0000,00 KG T01",70,A70,531,075,A902,7377033,KUN CHING KEY-INDUSTRY CO LTD,5131045,"KUN CHING INDUSTRIAL CO., LTD.",ERPA,ER20,0,0,TPC-TW,"18,480 ",0 ,1.55 ,0,
08.2024,242016,"DESMODUR T 80            0000,00 KG T01",70,A70,531,075,A905,5036982,"Aica Kogyo Co., Ltd.",5512680,Evermore Chemical Industry,ERPA,ER20,0,0,TPC-TW,"55,410 ",0 ,1.57 ,0,
08.2024,242016,"DESMODUR T 80            0000,00 KG T01",70,A70,531,075,A905,7287956,Headway Advanced Materials Inc.,3649685,HEADWAY ADVANCED MATERIALS INC,ERPA,ER20,0,0,TPC-TW,"36,980 ",0 ,1.55 ,0,
09.2024,241990,"DESMODUR T 80            0250,00 KG B13",70,A70,521,033,A933,300799,TONG FONG TRADING CO LTD,3504473,"F-TAI INDUSTRIAL CO., LTD.",ERP3,ER20,0,0,TPC-TW,"6,250 ",0 ,1.61 ,0,
09.2024,241990,"DESMODUR T 80            0250,00 KG B13",70,A70,531,075,A901,670014,Inoac Corporation,11253021,"SEDA Chemical Products CO., Ltd.",ERP3,ER20,0,0,TPC-TW,"5,000 ",0 ,1.63 ,0,
09.2024,241990,"DESMODUR T 80            0250,00 KG B13",70,A70,531,075,A902,84255,"HOLY FOAM ENTERPRISES CO., LTD.",5131061,HOLYFOAM - TAOYUAN PLANT,ERP3,ER20,0,0,TPC-TW,"5,000 ",0 ,1.70 ,0,
09.2024,241990,"DESMODUR T 80            0250,00 KG B13",70,A70,531,075,A902,300799,TONG FONG TRADING CO LTD,5131339,"JOHNICE INDUSTRY CO., LTD",ERP3,ER20,0,0,TPC-TW,"10,000 ",0 ,1.62 ,0,
09.2024,241990,"DESMODUR T 80            0250,00 KG B13",70,A70,531,075,A902,7272916,Tayfull Industrial Co.Ltd,7272916,Tayfull Industrial Co.Ltd,ERP3,ER20,0,0,TPC-TW,"20,000 ",0 ,1.62 ,0,
09.2024,241990,"DESMODUR T 80            0250,00 KG B13",70,A70,531,098,A034,1193521,Len Wa Enterprise Corp.,801129,"COATING P. MATERIALS CO., LTD.",ERP3,ER20,0,0,TPC-TW,"7,500 ",0 ,1.64 ,0,
09.2024,241990,"DESMODUR T 80            0250,00 KG B13",70,A70,531,098,A034,1193521,Len Wa Enterprise Corp.,5666941,"SHAN WIN CO., LTD.",ERP3,ER20,0,0,TPC-TW,"7,500 ",0 ,1.63 ,0,
09.2024,242016,"DESMODUR T 80            0000,00 KG T01",70,A70,521,046,A949,1480229,NAN YA PLASTICS CORPORATION,5131452,NAN YA PLASTICS CORPORATION,ERPA,ER20,0,0,TPC-TW,"10,990 ",0 ,1.74 ,0,
09.2024,242016,"DESMODUR T 80            0000,00 KG T01",70,A70,531,075,A902,3587988,"Chiao Fu Enterprises Co., Ltd",303259,Chiao Fu Enterprise Co.Ltd,ERPA,ER20,0,0,TPC-TW,"54,980 ",0 ,1.60 ,0,
09.2024,242016,"DESMODUR T 80            0000,00 KG T01",70,A70,531,075,A902,3630979,JIANN FONG POLYURETHANE,3630979,JIANN FONG POLYURETHANE,ERPA,ER20,0,0,TPC-TW,"36,990 ",0 ,1.62 ,0,
09.2024,242016,"DESMODUR T 80            0000,00 KG T01",70,A70,531,075,A902,3630979,JIANN FONG POLYURETHANE,3920489,JIANN FONG POLYURETHANE,ERPA,ER20,0,0,TPC-TW,"36,950 ",0 ,1.59 ,0,
09.2024,242016,"DESMODUR T 80            0000,00 KG T01",70,A70,531,075,A902,5131282,CHEN CHI HSIANG INDUSTRY,11294560,CHEN CHI HSIANG INDUSTRY,ERPA,ER20,0,0,TPC-TW,"55,440 ",0 ,1.60 ,0,
09.2024,242016,"DESMODUR T 80            0000,00 KG T01",70,A70,531,075,A905,5036982,"Aica Kogyo Co., Ltd.",5512680,Evermore Chemical Industry,ERPA,ER20,0,0,TPC-TW,"55,460 ",0 ,1.55 ,0,
10.2024,241990,"DESMODUR T 80            0250,00 KG B13",70,A70,531,075,A902,84255,"HOLY FOAM ENTERPRISES CO., LTD.",5131061,HOLYFOAM - TAOYUAN PLANT,ERP3,ER20,0,0,TPC-TW,"5,000 ",0 ,1.66 ,0,
10.2024,241990,"DESMODUR T 80            0250,00 KG B13",70,A70,531,075,A902,300799,TONG FONG TRADING CO LTD,5131339,"JOHNICE INDUSTRY CO., LTD",ERP3,ER20,0,0,TPC-TW,"10,000 ",0 ,1.55 ,0,
10.2024,241990,"DESMODUR T 80            0250,00 KG B13",70,A70,531,075,A902,1193521,Len Wa Enterprise Corp.,5131339,"JOHNICE INDUSTRY CO., LTD",ERP3,ER20,0,0,TPC-TW,"10,000 ",0 ,1.56 ,0,
10.2024,241990,"DESMODUR T 80            0250,00 KG B13",70,A70,531,075,A902,1193521,Len Wa Enterprise Corp.,5594746,KER MING ENTERPRISE,ERP3,ER20,0,0,TPC-TW,"9,500 ",0 ,1.58 ,0,
10.2024,241990,"DESMODUR T 80            0250,00 KG B13",70,A70,531,075,A902,5131282,CHEN CHI HSIANG INDUSTRY,11294560,CHEN CHI HSIANG INDUSTRY,ERP3,ER20,0,0,TPC-TW,"20,000 ",0 ,1.58 ,0,
10.2024,241990,"DESMODUR T 80            0250,00 KG B13",70,A70,531,075,A902,7272916,Tayfull Industrial Co.Ltd,7272916,Tayfull Industrial Co.Ltd,ERP3,ER20,0,0,TPC-TW,"20,000 ",0 ,1.59 ,0,
10.2024,241990,"DESMODUR T 80            0250,00 KG B13",70,A70,531,098,A034,300799,TONG FONG TRADING CO LTD,5131789,"KOHO MATERIAL CO., LTD.",ERP3,ER20,0,0,TPC-TW,"6,250 ",0 ,1.57 ,0,
10.2024,241990,"DESMODUR T 80            0250,00 KG B13",70,A70,531,098,A034,1193521,Len Wa Enterprise Corp.,5666941,"SHAN WIN CO., LTD.",ERP3,ER20,0,0,TPC-TW,"8,000 ",0 ,1.59 ,0,
10.2024,242016,"DESMODUR T 80            0000,00 KG T01",70,A70,531,075,A902,3587988,"Chiao Fu Enterprises Co., Ltd",303259,Chiao Fu Enterprise Co.Ltd,ERPA,ER20,0,0,TPC-TW,"55,460 ",0 ,1.57 ,0,
10.2024,242016,"DESMODUR T 80            0000,00 KG T01",70,A70,531,075,A902,3630979,JIANN FONG POLYURETHANE,3920489,JIANN FONG POLYURETHANE,ERPA,ER20,0,0,TPC-TW,"18,450 ",0 ,1.59 ,0,
10.2024,242016,"DESMODUR T 80            0000,00 KG T01",70,A70,531,075,A902,5131282,CHEN CHI HSIANG INDUSTRY,11294560,CHEN CHI HSIANG INDUSTRY,ERPA,ER20,0,0,TPC-TW,"36,960 ",0 ,1.56 ,0,
10.2024,242016,"DESMODUR T 80            0000,00 KG T01",70,A70,531,075,A902,7377033,KUN CHING KEY-INDUSTRY CO LTD,5131045,"KUN CHING INDUSTRIAL CO., LTD.",ERPA,ER20,0,0,TPC-TW,"18,500 ",0 ,1.54 ,0,
10.2024,242016,"DESMODUR T 80            0000,00 KG T01",70,A70,531,075,A905,5036982,"Aica Kogyo Co., Ltd.",5512680,Evermore Chemical Industry,ERPA,ER20,0,0,TPC-TW,"55,460 ",0 ,1.55 ,0,
11.2024,241990,"DESMODUR T 80            0250,00 KG B13",70,A70,521,033,A933,300799,TONG FONG TRADING CO LTD,3504473,"F-TAI INDUSTRIAL CO., LTD.",ERP3,ER20,0,0,TPC-TW,"6,250 ",0 ,1.53 ,0,
11.2024,241990,"DESMODUR T 80            0250,00 KG B13",70,A70,531,075,A901,670014,Inoac Corporation,11253021,"SEDA Chemical Products CO., Ltd.",ERP3,ER20,0,0,TPC-TW,"5,000 ",0 ,1.55 ,0,
11.2024,241990,"DESMODUR T 80            0250,00 KG B13",70,A70,531,075,A902,84255,"HOLY FOAM ENTERPRISES CO., LTD.",5131061,HOLYFOAM - TAOYUAN PLANT,ERP3,ER20,0,0,TPC-TW,"6,250 ",0 ,1.64 ,0,
11.2024,241990,"DESMODUR T 80            0250,00 KG B13",70,A70,531,075,A902,1193521,Len Wa Enterprise Corp.,5131339,"JOHNICE INDUSTRY CO., LTD",ERP3,ER20,0,0,TPC-TW,"10,000 ",0 ,1.57 ,0,
11.2024,241990,"DESMODUR T 80            0250,00 KG B13",70,A70,531,075,A902,1193521,Len Wa Enterprise Corp.,5594746,KER MING ENTERPRISE,ERP3,ER20,0,0,TPC-TW,"9,500 ",0 ,1.58 ,0,
11.2024,241990,"DESMODUR T 80            0250,00 KG B13",70,A70,531,075,A902,7272916,Tayfull Industrial Co.Ltd,7272916,Tayfull Industrial Co.Ltd,ERP3,ER20,0,0,TPC-TW,"17,500 ",0 ,1.54 ,0,
11.2024,241990,"DESMODUR T 80            0250,00 KG B13",70,A70,531,098,A034,300799,TONG FONG TRADING CO LTD,5131088,"TONG FONG TRADING CO., LTD.",ERP3,ER20,0,0,TPC-TW,"10,000 ",0 ,1.54 ,0,
11.2024,241990,"DESMODUR T 80            0250,00 KG B13",70,A70,531,098,A034,1193521,Len Wa Enterprise Corp.,801129,"COATING P. MATERIALS CO., LTD.",ERP3,ER20,0,0,TPC-TW,"7,000 ",0 ,1.55 ,0,
11.2024,241990,"DESMODUR T 80            0250,00 KG B13",70,A70,531,098,A034,1193521,Len Wa Enterprise Corp.,3504465,TONG HSING INTEGRATED AND,ERP3,ER20,0,0,TPC-TW,"10,000 ",0 ,1.58 ,0,
11.2024,242016,"DESMODUR T 80            0000,00 KG T01",70,A70,531,075,A902,3587988,"Chiao Fu Enterprises Co., Ltd",303259,Chiao Fu Enterprise Co.Ltd,ERPA,ER20,0,0,TPC-TW,"36,990 ",0 ,1.53 ,0,
11.2024,242016,"DESMODUR T 80            0000,00 KG T01",70,A70,531,075,A902,3630979,JIANN FONG POLYURETHANE,3630979,JIANN FONG POLYURETHANE,ERPA,ER20,0,0,TPC-TW,"18,490 ",0 ,1.53 ,0,
11.2024,242016,"DESMODUR T 80            0000,00 KG T01",70,A70,531,075,A902,3630979,JIANN FONG POLYURETHANE,3920489,JIANN FONG POLYURETHANE,ERPA,ER20,0,0,TPC-TW,"18,510 ",0 ,1.53 ,0,
11.2024,242016,"DESMODUR T 80            0000,00 KG T01",70,A70,531,075,A902,5131282,CHEN CHI HSIANG INDUSTRY,11294560,CHEN CHI HSIANG INDUSTRY,ERPA,ER20,0,0,TPC-TW,"73,950 ",0 ,1.52 ,0,
11.2024,242016,"DESMODUR T 80            0000,00 KG T01",70,A70,531,075,A902,7377033,KUN CHING KEY-INDUSTRY CO LTD,5131045,"KUN CHING INDUSTRIAL CO., LTD.",ERPA,ER20,0,0,TPC-TW,"18,490 ",0 ,1.49 ,0,
11.2024,242016,"DESMODUR T 80            0000,00 KG T01",70,A70,531,075,A905,5036982,"Aica Kogyo Co., Ltd.",5512680,Evermore Chemical Industry,ERPA,ER20,0,0,TPC-TW,"36,980 ",0 ,1.47 ,0,
11.2024,242016,"DESMODUR T 80            0000,00 KG T01",70,A70,531,075,A905,7287956,Headway Advanced Materials Inc.,3649685,HEADWAY ADVANCED MATERIALS INC,ERPA,ER20,0,0,TPC-TW,"55,510 ",0 ,1.50 ,0,
12.2024,241990,"DESMODUR T 80            0250,00 KG B13",70,A70,521,033,A933,300799,TONG FONG TRADING CO LTD,3504473,"F-TAI INDUSTRIAL CO., LTD.",ERP3,ER20,0,0,TPC-TW,"7,500 ",0 ,1.52 ,0,
12.2024,241990,"DESMODUR T 80            0250,00 KG B13",70,A70,531,075,A902,84255,"HOLY FOAM ENTERPRISES CO., LTD.",5131061,HOLYFOAM - TAOYUAN PLANT,ERP3,ER20,0,0,TPC-TW,"5,000 ",0 ,1.60 ,0,
12.2024,241990,"DESMODUR T 80            0250,00 KG B13",70,A70,531,075,A902,1193521,Len Wa Enterprise Corp.,5131339,"JOHNICE INDUSTRY CO., LTD",ERP3,ER20,0,0,TPC-TW,"10,000 ",0 ,1.54 ,0,
12.2024,241990,"DESMODUR T 80            0250,00 KG B13",70,A70,531,075,A902,7272916,Tayfull Industrial Co.Ltd,7272916,Tayfull Industrial Co.Ltd,ERP3,ER20,0,0,TPC-TW,"20,000 ",0 ,1.55 ,0,
12.2024,241990,"DESMODUR T 80            0250,00 KG B13",70,A70,531,098,A034,300799,TONG FONG TRADING CO LTD,5131088,"TONG FONG TRADING CO., LTD.",ERP3,ER20,0,0,TPC-TW,"31,250 ",0 ,1.54 ,0,
12.2024,241990,"DESMODUR T 80            0250,00 KG B13",70,A70,531,098,A034,300799,TONG FONG TRADING CO LTD,5131789,"KOHO MATERIAL CO., LTD.",ERP3,ER20,0,0,TPC-TW,"6,250 ",0 ,1.53 ,0,
12.2024,241990,"DESMODUR T 80            0250,00 KG B13",70,A70,531,098,A034,1193521,Len Wa Enterprise Corp.,3504465,TONG HSING INTEGRATED AND,ERP3,ER20,0,0,TPC-TW,"19,250 ",0 ,1.55 ,0,
12.2024,241990,"DESMODUR T 80            0250,00 KG B13",70,A70,531,098,A034,1193521,Len Wa Enterprise Corp.,5666941,"SHAN WIN CO., LTD.",ERP3,ER20,0,0,TPC-TW,"9,000 ",0 ,1.54 ,0,
12.2024,242016,"DESMODUR T 80            0000,00 KG T01",70,A70,521,046,A949,1480229,NAN YA PLASTICS CORPORATION,5131452,NAN YA PLASTICS CORPORATION,ERPA,ER20,0,0,TPC-TW,"11,010 ",0 ,1.66 ,0,
12.2024,242016,"DESMODUR T 80            0000,00 KG T01",70,A70,531,075,A902,300799,TONG FONG TRADING CO LTD,5132319,"HSING FONG INDUSTRY CO., LTD.",ERPA,ER20,0,0,TPC-TW,"18,490 ",0 ,1.52 ,0,
12.2024,242016,"DESMODUR T 80            0000,00 KG T01",70,A70,531,075,A902,300799,TONG FONG TRADING CO LTD,5944718,DA FUNG FOAM CO LTD,ERPA,ER20,0,0,TPC-TW,"18,500 ",0 ,1.51 ,0,
12.2024,242016,"DESMODUR T 80            0000,00 KG T01",70,A70,531,075,A902,3587988,"Chiao Fu Enterprises Co., Ltd",303259,Chiao Fu Enterprise Co.Ltd,ERPA,ER20,0,0,TPC-TW,"55,480 ",0 ,1.53 ,0,
12.2024,242016,"DESMODUR T 80            0000,00 KG T01",70,A70,531,075,A902,3630979,JIANN FONG POLYURETHANE,3630979,JIANN FONG POLYURETHANE,ERPA,ER20,0,0,TPC-TW,"37,010 ",0 ,1.52 ,0,
12.2024,242016,"DESMODUR T 80            0000,00 KG T01",70,A70,531,075,A902,5131282,CHEN CHI HSIANG INDUSTRY,11294560,CHEN CHI HSIANG INDUSTRY,ERPA,ER20,0,0,TPC-TW,"74,020 ",0 ,1.51 ,0,
12.2024,242016,"DESMODUR T 80            0000,00 KG T01",70,A70,531,075,A902,7377033,KUN CHING KEY-INDUSTRY CO LTD,5131045,"KUN CHING INDUSTRIAL CO., LTD.",ERPA,ER20,0,0,TPC-TW,"18,510 ",0 ,1.47 ,0,
12.2024,242016,"DESMODUR T 80            0000,00 KG T01",70,A70,531,075,A905,7287956,Headway Advanced Materials Inc.,3649685,HEADWAY ADVANCED MATERIALS INC,ERPA,ER20,0,0,TPC-TW,"92,450 ",0 ,1.49 ,0,
01.2025,241990,"DESMODUR T 80            0250,00 KG B13",70,A70,531,075,A902,84255,"HOLY FOAM ENTERPRISES CO., LTD.",5131061,HOLYFOAM - TAOYUAN PLANT,ERP3,ER20,0,0,TPC-TW,"5,000 ",0 ,1.59 ,0,
01.2025,241990,"DESMODUR T 80            0250,00 KG B13",70,A70,531,075,A902,1193521,Len Wa Enterprise Corp.,5594746,KER MING ENTERPRISE,ERP3,ER20,0,0,TPC-TW,"9,500 ",0 ,1.53 ,0,
01.2025,241990,"DESMODUR T 80            0250,00 KG B13",70,A70,531,075,A902,7272916,Tayfull Industrial Co.Ltd,7272916,Tayfull Industrial Co.Ltd,ERP3,ER20,0,0,TPC-TW,"18,750 ",0 ,1.52 ,0,
01.2025,241990,"DESMODUR T 80            0250,00 KG B13",70,A70,531,098,A034,300799,TONG FONG TRADING CO LTD,5131088,"TONG FONG TRADING CO., LTD.",ERP3,ER20,0,0,TPC-TW,"10,000 ",0 ,1.52 ,0,
01.2025,242016,"DESMODUR T 80            0000,00 KG T01",70,A70,521,077,A040,1193521,Len Wa Enterprise Corp.,8987450,CROSLENE CHEMICAL IND LTD,ERPA,ER20,0,0,TPC-TW,"18,520 ",0 ,1.51 ,0,
01.2025,242016,"DESMODUR T 80            0000,00 KG T01",70,A70,531,075,A902,3587988,"Chiao Fu Enterprises Co., Ltd",303259,Chiao Fu Enterprise Co.Ltd,ERPA,ER20,0,0,TPC-TW,"73,960 ",0 ,1.50 ,0,
01.2025,242016,"DESMODUR T 80            0000,00 KG T01",70,A70,531,075,A902,3630979,JIANN FONG POLYURETHANE,3630979,JIANN FONG POLYURETHANE,ERPA,ER20,0,0,TPC-TW,"18,490 ",0 ,1.50 ,0,
01.2025,242016,"DESMODUR T 80            0000,00 KG T01",70,A70,531,075,A902,5131282,CHEN CHI HSIANG INDUSTRY,11294560,CHEN CHI HSIANG INDUSTRY,ERPA,ER20,0,0,TPC-TW,"30,480 ",0 ,1.48 ,0,
01.2025,242016,"DESMODUR T 80            0000,00 KG T01",70,A70,531,075,A905,7287956,Headway Advanced Materials Inc.,3649685,HEADWAY ADVANCED MATERIALS INC,ERPA,ER20,0,0,TPC-TW,"36,980 ",0 ,1.46 ,0,
02.2025,241990,"DESMODUR T 80            0250,00 KG B13",70,A70,531,075,A902,84255,"HOLY FOAM ENTERPRISES CO., LTD.",5131061,HOLYFOAM - TAOYUAN PLANT,ERP3,ER20,0,0,TPC-TW,"8,000 ",0 ,1.60 ,0,
02.2025,241990,"DESMODUR T 80            0250,00 KG B13",70,A70,531,075,A902,7272916,Tayfull Industrial Co.Ltd,7272916,Tayfull Industrial Co.Ltd,ERP3,ER20,0,0,TPC-TW,"8,750 ",0 ,1.66 ,0,
02.2025,241990,"DESMODUR T 80            0250,00 KG B13",70,A70,531,098,A034,300799,TONG FONG TRADING CO LTD,5131088,"TONG FONG TRADING CO., LTD.",ERP3,ER20,0,0,TPC-TW,"20,000 ",0 ,1.60 ,0,
02.2025,241990,"DESMODUR T 80            0250,00 KG B13",70,A70,531,098,A034,1193521,Len Wa Enterprise Corp.,3504465,TONG HSING INTEGRATED AND,ERP3,ER20,0,0,TPC-TW,"10,000 ",0 ,1.69 ,0,
02.2025,242016,"DESMODUR T 80            0000,00 KG T01",70,A70,521,046,A949,1480229,NAN YA PLASTICS CORPORATION,5131452,NAN YA PLASTICS CORPORATION,ERPA,ER20,0,0,TPC-TW,"11,000 ",0 ,1.66 ,0,
02.2025,242016,"DESMODUR T 80            0000,00 KG T01",70,A70,531,075,A902,3587988,"Chiao Fu Enterprises Co., Ltd",303259,Chiao Fu Enterprise Co.Ltd,ERPA,ER20,0,0,TPC-TW,"73,980 ",0 ,1.67 ,0,
02.2025,242016,"DESMODUR T 80            0000,00 KG T01",70,A70,531,075,A902,3630979,JIANN FONG POLYURETHANE,3630979,JIANN FONG POLYURETHANE,ERPA,ER20,0,0,TPC-TW,"18,510 ",0 ,1.50 ,0,
02.2025,242016,"DESMODUR T 80            0000,00 KG T01",70,A70,531,075,A902,5131282,CHEN CHI HSIANG INDUSTRY,11294560,CHEN CHI HSIANG INDUSTRY,ERPA,ER20,0,0,TPC-TW,"74,000 ",0 ,1.61 ,0,
02.2025,242016,"DESMODUR T 80            0000,00 KG T01",70,A70,531,075,A902,7377033,KUN CHING KEY-INDUSTRY CO LTD,5131045,"KUN CHING INDUSTRIAL CO., LTD.",ERPA,ER20,0,0,TPC-TW,"55,480 ",0 ,1.62 ,0,
02.2025,242016,"DESMODUR T 80            0000,00 KG T01",70,A70,531,075,A905,5036982,"Aica Kogyo Co., Ltd.",5512680,Evermore Chemical Industry,ERPA,ER20,0,0,TPC-TW,"37,000 ",0 ,1.57 ,0,
02.2025,242016,"DESMODUR T 80            0000,00 KG T01",70,A70,531,075,A905,7287956,Headway Advanced Materials Inc.,3649685,HEADWAY ADVANCED MATERIALS INC,ERPA,ER20,0,0,TPC-TW,"92,500 ",0 ,1.57 ,0,
03.2025,241990,"DESMODUR T 80            0250,00 KG B13",70,A70,531,075,A902,1193521,Len Wa Enterprise Corp.,5131339,"JOHNICE INDUSTRY CO., LTD",ERP3,ER20,0,0,TPC-TW,"10,000 ",0 ,1.67 ,0,
03.2025,241990,"DESMODUR T 80            0250,00 KG B13",70,A70,531,075,A902,7272916,Tayfull Industrial Co.Ltd,7272916,Tayfull Industrial Co.Ltd,ERP3,ER20,0,0,TPC-TW,"11,250 ",0 ,1.68 ,0,
03.2025,241990,"DESMODUR T 80            0250,00 KG B13",70,A70,531,098,A034,300799,TONG FONG TRADING CO LTD,5131088,"TONG FONG TRADING CO., LTD.",ERP3,ER20,0,0,TPC-TW,"20,000 ",0 ,1.63 ,0,
03.2025,242016,"DESMODUR T 80            0000,00 KG T01",70,A70,531,075,A902,3587988,"Chiao Fu Enterprises Co., Ltd",303259,Chiao Fu Enterprise Co.Ltd,ERPA,ER20,0,0,TPC-TW,"73,940 ",0 ,1.56 ,0,
03.2025,242016,"DESMODUR T 80            0000,00 KG T01",70,A70,531,075,A902,3630979,JIANN FONG POLYURETHANE,3920489,JIANN FONG POLYURETHANE,ERPA,ER20,0,0,TPC-TW,"55,450 ",0 ,1.62 ,0,
03.2025,242016,"DESMODUR T 80            0000,00 KG T01",70,A70,531,075,A902,5131282,CHEN CHI HSIANG INDUSTRY,11294560,CHEN CHI HSIANG INDUSTRY,ERPA,ER20,0,0,TPC-TW,"74,020 ",0 ,1.59 ,0,
03.2025,242016,"DESMODUR T 80            0000,00 KG T01",70,A70,531,075,A902,7377033,KUN CHING KEY-INDUSTRY CO LTD,5131045,"KUN CHING INDUSTRIAL CO., LTD.",ERPA,ER20,0,0,TPC-TW,"55,460 ",0 ,1.57 ,0,
03.2025,242016,"DESMODUR T 80            0000,00 KG T01",70,A70,531,075,A905,5036982,"Aica Kogyo Co., Ltd.",5512680,Evermore Chemical Industry,ERPA,ER20,0,0,TPC-TW,"36,990 ",0 ,1.56 ,0,
03.2025,242016,"DESMODUR T 80            0000,00 KG T01",70,A70,531,075,A905,7287956,Headway Advanced Materials Inc.,3649685,HEADWAY ADVANCED MATERIALS INC,ERPA,ER20,0,0,TPC-TW,"36,990 ",0 ,1.56 ,0,
04.2025,241990,"DESMODUR T 80            0250,00 KG B13",70,A70,531,075,A902,84255,"HOLY FOAM ENTERPRISES CO., LTD.",5131061,HOLYFOAM - TAOYUAN PLANT,ERP3,ER20,0,0,TPC-TW,"8,000 ",0 ,1.63 ,0,
04.2025,241990,"DESMODUR T 80            0250,00 KG B13",70,A70,531,075,A902,300799,TONG FONG TRADING CO LTD,5131339,"JOHNICE INDUSTRY CO., LTD",ERP3,ER20,0,0,TPC-TW,"10,000 ",0 ,1.52 ,0,
04.2025,241990,"DESMODUR T 80            0250,00 KG B13",70,A70,531,075,A902,7272916,Tayfull Industrial Co.Ltd,7272916,Tayfull Industrial Co.Ltd,ERP3,ER20,0,0,TPC-TW,"10,000 ",0 ,1.55 ,0,
04.2025,241990,"DESMODUR T 80            0250,00 KG B13",70,A70,531,098,A034,300799,TONG FONG TRADING CO LTD,5131088,"TONG FONG TRADING CO., LTD.",ERP3,ER20,0,0,TPC-TW,"10,000 ",0 ,1.64 ,0,
04.2025,241990,"DESMODUR T 80            0250,00 KG B13",70,A70,531,098,A034,1193521,Len Wa Enterprise Corp.,3504465,TONG HSING INTEGRATED AND,ERP3,ER20,0,0,TPC-TW,"20,000 ",0 ,1.54 ,0,
04.2025,242016,"DESMODUR T 80            0000,00 KG T01",70,A70,521,077,A040,1193521,Len Wa Enterprise Corp.,8987450,CROSLENE CHEMICAL IND LTD,ERPA,ER20,0,0,TPC-TW,"18,480 ",0 ,1.55 ,0,
04.2025,242016,"DESMODUR T 80            0000,00 KG T01",70,A70,531,075,A902,3587988,"Chiao Fu Enterprises Co., Ltd",303259,Chiao Fu Enterprise Co.Ltd,ERPA,ER20,0,0,TPC-TW,"55,400 ",0 ,1.50 ,0,
04.2025,242016,"DESMODUR T 80            0000,00 KG T01",70,A70,531,075,A902,3630979,JIANN FONG POLYURETHANE,3630979,JIANN FONG POLYURETHANE,ERPA,ER20,0,0,TPC-TW,"18,480 ",0 ,1.48 ,0,
04.2025,242016,"DESMODUR T 80            0000,00 KG T01",70,A70,531,075,A902,5131282,CHEN CHI HSIANG INDUSTRY,11294560,CHEN CHI HSIANG INDUSTRY,ERPA,ER20,0,0,TPC-TW,"55,420 ",0 ,1.47 ,0,
04.2025,242016,"DESMODUR T 80            0000,00 KG T01",70,A70,531,075,A905,5036982,"Aica Kogyo Co., Ltd.",5512680,Evermore Chemical Industry,ERPA,ER20,0,0,TPC-TW,"36,960 ",0 ,1.49 ,0,
04.2025,242016,"DESMODUR T 80            0000,00 KG T01",70,A70,531,075,A905,7287956,Headway Advanced Materials Inc.,3649685,HEADWAY ADVANCED MATERIALS INC,ERPA,ER20,0,0,TPC-TW,"36,960 ",0 ,1.45 ,0,
05.2025,241990,"DESMODUR T 80            0250,00 KG B13",70,A70,521,033,A933,300799,TONG FONG TRADING CO LTD,3504473,"F-TAI INDUSTRIAL CO., LTD.",ERP3,ER20,0,0,TPC-TW,"6,250 ",0 ,1.53 ,0,
05.2025,241990,"DESMODUR T 80            0250,00 KG B13",70,A70,531,075,A901,670014,Inoac Corporation,11253021,"SEDA Chemical Products CO., Ltd.",ERP3,ER20,0,0,TPC-TW,"5,000 ",0 ,1.51 ,0,
05.2025,241990,"DESMODUR T 80            0250,00 KG B13",70,A70,531,075,A902,84255,"HOLY FOAM ENTERPRISES CO., LTD.",5131061,HOLYFOAM - TAOYUAN PLANT,ERP3,ER20,0,0,TPC-TW,"6,500 ",0 ,1.55 ,0,
05.2025,241990,"DESMODUR T 80            0250,00 KG B13",70,A70,531,075,A902,300799,TONG FONG TRADING CO LTD,5131339,"JOHNICE INDUSTRY CO., LTD",ERP3,ER20,0,0,TPC-TW,"10,000 ",0 ,1.49 ,0,
05.2025,241990,"DESMODUR T 80            0250,00 KG B13",70,A70,531,075,A902,1193521,Len Wa Enterprise Corp.,5594746,KER MING ENTERPRISE,ERP3,ER20,0,0,TPC-TW,"9,500 ",0 ,1.57 ,0,
05.2025,241990,"DESMODUR T 80            0250,00 KG B13",70,A70,531,075,A902,7272916,Tayfull Industrial Co.Ltd,7272916,Tayfull Industrial Co.Ltd,ERP3,ER20,0,0,TPC-TW,"10,000 ",0 ,1.49 ,0,
05.2025,241990,"DESMODUR T 80            0250,00 KG B13",70,A70,531,098,A034,300799,TONG FONG TRADING CO LTD,5131088,"TONG FONG TRADING CO., LTD.",ERP3,ER20,0,0,TPC-TW,"20,000 ",0 ,1.48 ,0,
05.2025,241990,"DESMODUR T 80            0250,00 KG B13",70,A70,531,098,A034,1193521,Len Wa Enterprise Corp.,3504465,TONG HSING INTEGRATED AND,ERP3,ER20,0,0,TPC-TW,"20,000 ",0 ,1.50 ,0,
05.2025,242016,"DESMODUR T 80            0000,00 KG T01",70,A70,521,046,A949,1480229,NAN YA PLASTICS CORPORATION,5131452,NAN YA PLASTICS CORPORATION,ERPA,ER20,0,0,TPC-TW,"10,980 ",0 ,1.66 ,0,
05.2025,242016,"DESMODUR T 80            0000,00 KG T01",70,A70,531,075,A902,300799,TONG FONG TRADING CO LTD,5132319,"HSING FONG INDUSTRY CO., LTD.",ERPA,ER20,0,0,TPC-TW,"18,480 ",0 ,1.46 ,0,
05.2025,242016,"DESMODUR T 80            0000,00 KG T01",70,A70,531,075,A902,3587988,"Chiao Fu Enterprises Co., Ltd",303259,Chiao Fu Enterprise Co.Ltd,ERPA,ER20,0,0,TPC-TW,"36,940 ",0 ,1.43 ,0,
05.2025,242016,"DESMODUR T 80            0000,00 KG T01",70,A70,531,075,A902,3630979,JIANN FONG POLYURETHANE,3630979,JIANN FONG POLYURETHANE,ERPA,ER20,0,0,TPC-TW,"18,510 ",0 ,1.48 ,0,
05.2025,242016,"DESMODUR T 80            0000,00 KG T01",70,A70,531,075,A902,5131282,CHEN CHI HSIANG INDUSTRY,11294560,CHEN CHI HSIANG INDUSTRY,ERPA,ER20,0,0,TPC-TW,"73,920 ",0 ,1.43 ,0,
05.2025,242016,"DESMODUR T 80            0000,00 KG T01",70,A70,531,075,A902,7377033,KUN CHING KEY-INDUSTRY CO LTD,5131045,"KUN CHING INDUSTRIAL CO., LTD.",ERPA,ER20,0,0,TPC-TW,"55,460 ",0 ,1.42 ,0,
05.2025,242016,"DESMODUR T 80            0000,00 KG T01",70,A70,531,075,A905,7287956,Headway Advanced Materials Inc.,3649685,HEADWAY ADVANCED MATERIALS INC,ERPA,ER20,0,0,TPC-TW,"18,470 ",0 ,1.45 ,0,
06.2025,241990,"DESMODUR T 80            0250,00 KG B13",70,A70,531,075,A902,84255,"HOLY FOAM ENTERPRISES CO., LTD.",5131061,HOLYFOAM - TAOYUAN PLANT,ERP3,ER20,0,0,TPC-TW,"6,500 ",0 ,1.49 ,0,
06.2025,241990,"DESMODUR T 80            0250,00 KG B13",70,A70,531,075,A902,1193521,Len Wa Enterprise Corp.,5594746,KER MING ENTERPRISE,ERP3,ER20,0,0,TPC-TW,"9,500 ",0 ,1.40 ,0,
06.2025,241990,"DESMODUR T 80            0250,00 KG B13",70,A70,531,075,A902,7272916,Tayfull Industrial Co.Ltd,7272916,Tayfull Industrial Co.Ltd,ERP3,ER20,0,0,TPC-TW,"10,000 ",0 ,1.42 ,0,
06.2025,241990,"DESMODUR T 80            0250,00 KG B13",70,A70,531,098,A034,300799,TONG FONG TRADING CO LTD,3385219,BAI JUANG ENTERPRISE CO LTD,ERP3,ER20,0,0,TPC-TW,"6,250 ",0 ,1.40 ,0,
06.2025,241990,"DESMODUR T 80            0250,00 KG B13",70,A70,531,098,A034,300799,TONG FONG TRADING CO LTD,5131088,"TONG FONG TRADING CO., LTD.",ERP3,ER20,0,0,TPC-TW,"33,750 ",0 ,1.40 ,0,
06.2025,241990,"DESMODUR T 80            0250,00 KG B13",70,A70,531,098,A034,1193521,Len Wa Enterprise Corp.,3504465,TONG HSING INTEGRATED AND,ERP3,ER20,0,0,TPC-TW,"20,000 ",0 ,1.45 ,0,
06.2025,242016,"DESMODUR T 80            0000,00 KG T01",70,A70,521,046,A949,1480229,NAN YA PLASTICS CORPORATION,5131452,NAN YA PLASTICS CORPORATION,ERPA,ER20,0,0,TPC-TW,"10,940 ",0 ,1.86 ,0,
06.2025,242016,"DESMODUR T 80            0000,00 KG T01",70,A70,531,075,A902,300799,TONG FONG TRADING CO LTD,5944718,DA FUNG FOAM CO LTD,ERPA,ER20,0,0,TPC-TW,"18,500 ",0 ,1.40 ,0,
06.2025,242016,"DESMODUR T 80            0000,00 KG T01",70,A70,531,075,A902,3587988,"Chiao Fu Enterprises Co., Ltd",303259,Chiao Fu Enterprise Co.Ltd,ERPA,ER20,0,0,TPC-TW,"18,510 ",0 ,1.47 ,0,
06.2025,242016,"DESMODUR T 80            0000,00 KG T01",70,A70,531,075,A902,3630979,JIANN FONG POLYURETHANE,3630979,JIANN FONG POLYURETHANE,ERPA,ER20,0,0,TPC-TW,"18,490 ",0 ,1.45 ,0,
06.2025,242016,"DESMODUR T 80            0000,00 KG T01",70,A70,531,075,A902,5131282,CHEN CHI HSIANG INDUSTRY,11294560,CHEN CHI HSIANG INDUSTRY,ERPA,ER20,0,0,TPC-TW,"92,520 ",0 ,1.43 ,0,
06.2025,242016,"DESMODUR T 80            0000,00 KG T01",70,A70,531,075,A902,7377033,KUN CHING KEY-INDUSTRY CO LTD,5131045,"KUN CHING INDUSTRIAL CO., LTD.",ERPA,ER20,0,0,TPC-TW,"36,980 ",0 ,1.39 ,0,
06.2025,242016,"DESMODUR T 80            0000,00 KG T01",70,A70,531,075,A905,5036982,"Aica Kogyo Co., Ltd.",5512680,Evermore Chemical Industry,ERPA,ER20,0,0,TPC-TW,"37,000 ",0 ,1.42 ,0,
06.2025,242016,"DESMODUR T 80            0000,00 KG T01",70,A70,531,075,A905,7287956,Headway Advanced Materials Inc.,3649685,HEADWAY ADVANCED MATERIALS INC,ERPA,ER20,0,0,TPC-TW,"18,500 ",0 ,1.40 ,0,
